time,femur_x,femur_y,femur_z,tibia_x,tibia_y,tibia_z
2339,-0.04,-0.12,0.15,-0.01,-0.13,-0.02
2399,-0.03,-0.11,0.16,0.00,-0.14,-0.00
2459,-0.03,-0.11,0.17,0.00,-0.15,-0.01
2520,-0.03,-0.11,0.19,0.00,-0.15,-0.02
2580,-0.04,-0.11,0.20,-0.00,-0.13,-0.02
2640,-0.04,-0.09,0.22,-0.00,-0.11,-0.01
2700,-0.03,-0.07,0.24,-0.01,-0.08,0.01
2760,-0.03,-0.06,0.25,-0.01,-0.06,0.02
2820,-0.03,-0.06,0.26,-0.01,-0.06,0.02
2880,-0.02,-0.06,0.26,-0.00,-0.06,0.02
2940,-0.02,-0.06,0.27,-0.00,-0.06,0.03
3001,-0.02,-0.05,0.28,-0.00,-0.03,0.04
3060,-0.01,-0.02,0.30,-0.01,0.01,0.06
3121,-0.01,0.00,0.32,-0.01,0.06,0.08
3181,-0.00,0.01,0.32,-0.00,0.05,0.09
3241,0.00,0.02,0.32,0.00,0.05,0.10
3302,0.00,0.02,0.33,0.00,0.05,0.10
3361,0.01,0.02,0.33,0.00,0.04,0.10
3422,0.01,0.02,0.33,0.00,0.04,0.10
3482,0.01,0.02,0.34,0.01,0.04,0.10
3543,0.01,0.04,0.34,0.01,0.04,0.12
3602,0.02,0.06,0.34,0.02,0.04,0.15
3661,0.03,0.08,0.34,0.03,0.04,0.16
3722,0.03,0.08,0.34,0.03,0.04,0.17
3782,0.03,0.07,0.34,0.03,0.03,0.16
3843,0.03,0.04,0.34,0.03,0.01,0.13
3903,0.02,0.02,0.34,0.03,-0.01,0.11
3962,0.02,0.01,0.33,0.03,-0.04,0.09
4022,0.02,0.01,0.33,0.04,-0.08,0.10
4083,0.02,0.01,0.33,0.04,-0.12,0.10
4144,0.03,0.01,0.34,0.04,-0.15,0.10
4204,0.02,0.00,0.34,0.04,-0.16,0.09
4263,0.02,-0.00,0.34,0.03,-0.18,0.09
4323,0.02,-0.00,0.34,0.03,-0.16,0.07
4383,0.01,-0.00,0.34,0.03,-0.12,0.08
4444,0.01,-0.01,0.34,0.03,-0.07,0.07
4504,0.01,-0.01,0.34,0.03,-0.02,0.07
4564,0.00,-0.01,0.34,0.03,0.01,0.06
4623,0.00,-0.01,0.33,0.03,0.03,0.06
4684,0.00,-0.01,0.33,0.03,0.04,0.06
4745,0.00,-0.01,0.33,0.03,0.04,0.06
4805,0.00,-0.01,0.33,0.03,0.04,0.06
4865,0.00,-0.01,0.33,0.03,0.03,0.06
4925,0.00,-0.01,0.34,0.03,0.03,0.06
4985,0.00,-0.01,0.34,0.02,0.02,0.07
5046,0.00,-0.01,0.34,0.02,0.01,0.07
5106,0.00,-0.01,0.34,0.03,0.01,0.07
5167,0.00,-0.01,0.34,0.03,0.02,0.07
5227,0.00,-0.01,0.34,0.02,0.01,0.06
5287,0.00,-0.02,0.34,0.02,-0.00,0.06
5348,-0.00,-0.03,0.34,0.02,-0.02,0.05
5407,-0.00,-0.03,0.34,0.02,-0.05,0.04
5467,0.00,-0.04,0.34,0.03,-0.08,0.04
5527,-0.00,-0.04,0.34,0.03,-0.14,0.04
5588,-0.00,-0.04,0.35,0.02,-0.16,0.04
5648,-0.00,-0.04,0.35,0.02,-0.18,0.04
5708,0.00,-0.03,0.35,0.03,-0.19,0.04
5769,0.00,-0.03,0.35,0.02,-0.20,0.04
5829,0.00,-0.04,0.35,0.03,-0.21,0.04
5892,0.00,-0.03,0.36,0.03,-0.22,0.04
5951,0.00,-0.03,0.35,0.03,-0.22,0.04
6010,0.00,-0.04,0.35,0.02,-0.24,0.04
6072,-0.00,-0.04,0.35,0.03,-0.25,0.03
6134,-0.00,-0.04,0.35,0.03,-0.27,0.04
6197,-0.00,-0.04,0.36,0.03,-0.28,0.04
6257,0.00,-0.03,0.36,0.03,-0.28,0.04
6318,0.00,-0.04,0.35,0.03,-0.27,0.04
6377,0.01,-0.04,0.35,0.03,-0.27,0.03
6438,0.01,-0.03,0.35,0.03,-0.27,0.03
6499,0.01,-0.03,0.35,0.03,-0.27,0.04
6560,0.01,-0.04,0.35,0.04,-0.27,0.03
6622,0.01,-0.03,0.35,0.04,-0.27,0.03
6683,0.01,-0.03,0.35,0.04,-0.27,0.03
6745,0.01,-0.03,0.35,0.04,-0.27,0.03
6806,0.01,-0.03,0.35,0.04,-0.27,0.03
6866,0.01,-0.03,0.35,0.04,-0.28,0.03
6927,0.01,-0.03,0.35,0.04,-0.28,0.03
6988,0.02,-0.03,0.35,0.05,-0.28,0.03
7049,0.02,-0.03,0.36,0.05,-0.28,0.03
7109,0.02,-0.03,0.36,0.05,-0.28,0.03
7170,0.02,-0.03,0.36,0.05,-0.28,0.03
7232,0.02,-0.03,0.36,0.05,-0.28,0.03
7294,0.02,-0.03,0.36,0.05,-0.28,0.03
7354,0.02,-0.03,0.36,0.05,-0.28,0.02
7414,0.01,-0.04,0.36,0.05,-0.29,0.02
7475,0.01,-0.04,0.36,0.05,-0.29,0.02
7536,0.01,-0.04,0.36,0.05,-0.29,0.01
7597,0.01,-0.04,0.36,0.05,-0.29,0.01
7656,0.01,-0.03,0.36,0.05,-0.29,0.02
7715,0.02,-0.03,0.36,0.05,-0.29,0.02
7777,0.02,-0.02,0.36,0.05,-0.29,0.03
7837,0.02,-0.00,0.36,0.05,-0.29,0.05
7898,0.02,0.01,0.36,0.05,-0.29,0.06
7957,0.03,0.01,0.35,0.05,-0.29,0.06
8017,0.03,0.02,0.35,0.05,-0.30,0.07
8078,0.03,0.03,0.35,0.05,-0.30,0.07
8137,0.03,0.03,0.35,0.05,-0.30,0.08
8198,0.03,0.03,0.35,0.05,-0.29,0.08
8258,0.04,0.03,0.35,0.05,-0.29,0.08
8317,0.04,0.03,0.35,0.06,-0.29,0.08
8378,0.04,0.03,0.35,0.06,-0.29,0.08
8438,0.04,0.03,0.35,0.06,-0.29,0.08
8499,0.04,0.03,0.35,0.06,-0.29,0.08
8558,0.03,0.03,0.35,0.06,-0.28,0.07
8617,0.03,0.02,0.34,0.06,-0.28,0.06
8678,0.03,0.01,0.34,0.06,-0.28,0.05
8738,0.02,-0.01,0.34,0.06,-0.28,0.03
8799,0.02,-0.02,0.33,0.06,-0.28,0.02
8858,0.01,-0.04,0.33,0.06,-0.28,0.00
8919,0.01,-0.06,0.33,0.06,-0.28,-0.02
8979,-0.00,-0.08,0.33,0.05,-0.28,-0.04
9038,-0.01,-0.11,0.33,0.05,-0.28,-0.07
9099,-0.02,-0.13,0.33,0.05,-0.28,-0.10
9159,-0.03,-0.17,0.34,0.05,-0.29,-0.13
9219,-0.05,-0.20,0.34,0.05,-0.30,-0.18
9279,-0.07,-0.26,0.34,0.05,-0.31,-0.23
9339,-0.08,-0.30,0.34,0.05,-0.32,-0.28
9400,-0.10,-0.34,0.34,0.05,-0.32,-0.32
9459,-0.11,-0.38,0.35,0.05,-0.32,-0.36
9520,-0.14,-0.43,0.36,0.05,-0.32,-0.42
9580,-0.17,-0.50,0.37,0.05,-0.33,-0.50
9640,-0.20,-0.57,0.39,0.05,-0.33,-0.57
9701,-0.22,-0.62,0.41,0.05,-0.34,-0.62
9760,-0.25,-0.67,0.43,0.06,-0.35,-0.67
9821,-0.30,-0.74,0.46,0.07,-0.36,-0.75
9881,-0.36,-0.82,0.49,0.09,-0.37,-0.85
9940,-0.40,-0.88,0.53,0.10,-0.38,-0.94
10001,-0.43,-0.91,0.55,0.10,-0.38,-0.95
10061,-0.47,-0.94,0.59,0.11,-0.39,-1.00
10122,-0.55,-1.00,0.65,0.13,-0.39,-1.08
10181,-0.66,-1.06,0.74,0.15,-0.40,-1.16
10242,-0.75,-1.10,0.81,0.17,-0.41,-1.23
10302,-0.80,-1.11,0.85,0.16,-0.41,-1.24
10362,-0.82,-1.11,0.88,0.16,-0.42,-1.25
10422,-0.85,-1.12,0.91,0.16,-0.42,-1.27
10482,-0.89,-1.13,0.94,0.17,-0.42,-1.28
10543,-0.91,-1.13,0.97,0.17,-0.42,-1.29
10602,-0.93,-1.13,0.99,0.17,-0.43,-1.30
10662,-0.94,-1.13,1.00,0.17,-0.43,-1.30
10724,-0.95,-1.13,1.01,0.17,-0.43,-1.31
10783,-0.94,-1.13,1.00,0.17,-0.43,-1.30
10844,-0.87,-1.11,0.94,0.16,-0.42,-1.27
10903,-0.72,-1.06,0.81,0.13,-0.41,-1.19
10963,-0.54,-0.96,0.66,0.07,-0.39,-1.03
11024,-0.39,-0.83,0.57,-0.01,-0.33,-0.84
11084,-0.30,-0.72,0.51,-0.07,-0.24,-0.69
11145,-0.24,-0.63,0.46,-0.10,-0.17,-0.59
11204,-0.19,-0.54,0.42,-0.09,-0.13,-0.51
11265,-0.16,-0.46,0.39,-0.08,-0.11,-0.41
11326,-0.13,-0.36,0.37,-0.07,-0.09,-0.32
11386,-0.11,-0.27,0.36,-0.05,-0.08,-0.23
11449,-0.08,-0.19,0.36,-0.04,-0.08,-0.14
11509,-0.07,-0.15,0.35,-0.03,-0.09,-0.10
11571,-0.06,-0.13,0.34,-0.02,-0.10,-0.09
11631,-0.04,-0.09,0.34,-0.00,-0.12,-0.05
11693,-0.02,-0.05,0.34,0.00,-0.12,-0.00
11754,-0.02,-0.03,0.35,0.01,-0.14,0.02
11814,-0.01,0.01,0.35,0.01,-0.13,0.06
11875,0.00,0.05,0.36,0.02,-0.13,0.09
11934,0.02,0.11,0.38,0.02,-0.11,0.16
11994,0.04,0.17,0.41,0.04,-0.08,0.21
12055,0.06,0.21,0.43,0.06,-0.07,0.25
12114,0.08,0.24,0.44,0.07,-0.07,0.29
12175,0.11,0.28,0.45,0.09,-0.08,0.35
12235,0.13,0.33,0.45,0.11,-0.08,0.39
12295,0.15,0.36,0.46,0.12,-0.08,0.41
12355,0.15,0.35,0.46,0.12,-0.08,0.41
12416,0.15,0.36,0.45,0.13,-0.09,0.42
12476,0.16,0.39,0.45,0.15,-0.10,0.45
12536,0.18,0.44,0.46,0.15,-0.10,0.49
12596,0.20,0.48,0.47,0.16,-0.10,0.52
12656,0.21,0.50,0.46,0.16,-0.11,0.56
12717,0.22,0.53,0.46,0.16,-0.13,0.59
12777,0.24,0.56,0.46,0.15,-0.15,0.63
12837,0.24,0.57,0.46,0.14,-0.17,0.65
12898,0.25,0.58,0.46,0.13,-0.18,0.66
12957,0.26,0.61,0.46,0.13,-0.18,0.69
13018,0.27,0.66,0.47,0.14,-0.17,0.72
13079,0.29,0.72,0.49,0.15,-0.15,0.79
13139,0.32,0.76,0.50,0.16,-0.15,0.83
13201,0.33,0.79,0.51,0.16,-0.14,0.87
13260,0.36,0.84,0.52,0.16,-0.15,0.93
13320,0.41,0.90,0.56,0.16,-0.15,1.01
13381,0.46,0.97,0.61,0.15,-0.17,1.08
13444,0.52,1.02,0.66,0.13,-0.19,1.14
13506,0.55,1.05,0.67,0.10,-0.21,1.17
13568,0.57,1.06,0.68,0.07,-0.22,1.18
13629,0.61,1.09,0.71,0.04,-0.23,1.23
13689,0.69,1.13,0.77,0.01,-0.25,1.29
13751,0.74,1.15,0.81,-0.01,-0.26,1.33
13810,0.77,1.16,0.84,-0.02,-0.26,1.35
13871,0.82,1.18,0.88,-0.02,-0.26,1.38
13933,0.87,1.19,0.92,-0.02,-0.26,1.41
13995,0.92,1.21,0.97,-0.02,-0.25,1.43
14057,0.97,1.22,1.01,-0.02,-0.25,1.45
14118,1.01,1.23,1.04,-0.02,-0.25,1.47
14180,1.04,1.24,1.07,-0.01,-0.24,1.48
14240,1.07,1.25,1.09,-0.01,-0.24,1.49
14302,1.07,1.25,1.09,-0.02,-0.24,1.50
14362,1.07,1.25,1.09,-0.02,-0.24,1.50
14423,1.06,1.25,1.08,-0.02,-0.24,1.49
14485,1.03,1.25,1.05,-0.01,-0.24,1.48
14545,0.94,1.23,0.96,-0.01,-0.24,1.45
14608,0.80,1.19,0.83,-0.01,-0.24,1.39
14669,0.64,1.13,0.68,-0.01,-0.25,1.30
14732,0.51,1.04,0.56,-0.00,-0.26,1.19
14792,0.42,0.94,0.48,0.00,-0.28,1.07
14856,0.36,0.85,0.43,0.01,-0.29,0.97
14915,0.32,0.76,0.39,0.02,-0.30,0.88
14976,0.28,0.67,0.36,0.02,-0.32,0.79
15037,0.24,0.56,0.33,0.03,-0.34,0.69
15097,0.22,0.47,0.31,0.05,-0.34,0.60
15160,0.19,0.37,0.28,0.07,-0.34,0.48
15220,0.16,0.26,0.27,0.09,-0.33,0.37
15283,0.14,0.15,0.26,0.10,-0.31,0.26
15345,0.12,0.07,0.26,0.11,-0.29,0.17
15407,0.10,0.01,0.27,0.11,-0.28,0.10
15467,0.09,-0.05,0.27,0.12,-0.28,0.05
15526,0.08,-0.09,0.27,0.13,-0.28,-0.01
15588,0.07,-0.12,0.28,0.12,-0.28,-0.03
15648,0.05,-0.19,0.28,0.12,-0.28,-0.10
15710,0.03,-0.28,0.29,0.12,-0.29,-0.20
15771,0.00,-0.35,0.30,0.12,-0.29,-0.28
15833,0.00,-0.35,0.31,0.11,-0.28,-0.27
15893,-0.01,-0.36,0.31,0.10,-0.27,-0.28
15954,-0.03,-0.40,0.32,0.07,-0.24,-0.31
16015,-0.06,-0.46,0.34,0.04,-0.20,-0.38
16075,-0.09,-0.54,0.35,-0.00,-0.17,-0.47
16138,-0.10,-0.57,0.36,-0.04,-0.14,-0.49
16198,-0.11,-0.61,0.38,-0.07,-0.11,-0.52
16261,-0.13,-0.65,0.39,-0.11,-0.08,-0.54
16321,-0.14,-0.69,0.39,-0.13,-0.08,-0.58
16382,-0.16,-0.73,0.40,-0.14,-0.09,-0.63
16442,-0.19,-0.78,0.42,-0.14,-0.10,-0.69
16501,-0.21,-0.83,0.43,-0.15,-0.11,-0.73
16563,-0.24,-0.87,0.46,-0.15,-0.12,-0.79
16623,-0.27,-0.92,0.49,-0.16,-0.14,-0.84
16685,-0.31,-0.96,0.52,-0.16,-0.15,-0.89
16747,-0.34,-1.00,0.55,-0.16,-0.17,-0.93
16809,-0.38,-1.03,0.58,-0.16,-0.18,-0.97
16869,-0.41,-1.05,0.60,-0.16,-0.18,-1.00
16929,-0.44,-1.07,0.63,-0.16,-0.18,-1.02
16991,-0.46,-1.09,0.64,-0.15,-0.19,-1.04
17051,-0.46,-1.09,0.65,-0.11,-0.20,-1.05
17112,-0.46,-1.10,0.64,-0.05,-0.23,-1.05
17171,-0.46,-1.10,0.64,0.05,-0.27,-1.08
17230,-0.48,-1.11,0.65,0.16,-0.32,-1.13
17292,-0.51,-1.11,0.67,0.27,-0.36,-1.13
17351,-0.53,-1.11,0.69,0.05,-0.40,-1.19
17412,-0.54,-1.11,0.70,0.13,-0.42,-1.22
17472,-0.56,-1.11,0.72,0.20,-0.44,-1.25
17531,-0.58,-1.11,0.74,0.25,-0.44,-1.28
17592,-0.59,-1.11,0.76,0.28,-0.45,-1.30
17652,-0.60,-1.11,0.77,0.30,-0.45,-1.31
17713,-0.58,-1.11,0.76,0.30,-0.45,-1.30
17772,-0.55,-1.09,0.73,0.26,-0.45,-1.28
17832,-0.47,-1.06,0.67,0.17,-0.45,-1.19
17893,-0.38,-1.00,0.60,0.03,-0.43,-1.07
17952,-0.30,-0.93,0.56,-0.14,-0.35,-0.91
18013,-0.24,-0.87,0.53,-0.28,-0.25,-0.83
18073,-0.20,-0.82,0.51,-0.40,-0.14,-0.76
18132,-0.17,-0.79,0.47,-0.43,-0.11,-0.72
18193,-0.14,-0.75,0.43,-0.43,-0.08,-0.68
18253,-0.12,-0.71,0.40,-0.43,-0.06,-0.63
18314,-0.10,-0.65,0.38,-0.42,-0.04,-0.57
18373,-0.07,-0.57,0.37,-0.39,-0.03,-0.50
18434,-0.04,-0.49,0.37,-0.36,-0.02,-0.42
18494,-0.02,-0.43,0.37,-0.33,-0.03,-0.36
18553,-0.00,-0.38,0.37,-0.31,-0.04,-0.30
18614,0.01,-0.35,0.38,-0.28,-0.07,-0.27
18673,0.02,-0.33,0.37,-0.23,-0.17,-0.26
18734,0.03,-0.32,0.35,-0.17,-0.31,-0.24
18794,0.03,-0.33,0.34,-0.12,-0.44,-0.24
18854,0.03,-0.31,0.34,-0.07,-0.54,-0.24
18915,0.04,-0.28,0.35,-0.04,-0.62,-0.22
18974,0.05,-0.25,0.35,-0.02,-0.71,-0.20
19035,0.07,-0.21,0.34,0.01,-0.79,-0.17
19095,0.09,-0.15,0.35,0.00,-0.83,-0.10
19154,0.13,-0.07,0.36,-0.04,-0.84,0.01
19215,0.18,0.02,0.37,-0.10,-0.86,0.14
19275,0.23,0.10,0.39,-0.14,-0.86,0.27
19336,0.26,0.16,0.39,-0.18,-0.86,0.36
19396,0.26,0.19,0.40,-0.22,-0.86,0.42
19456,0.27,0.22,0.41,-0.24,-0.85,0.47
19515,0.26,0.23,0.41,-0.26,-0.85,0.49
19575,0.26,0.25,0.41,-0.29,-0.85,0.52
19636,0.26,0.29,0.42,-0.32,-0.84,0.58
19696,0.28,0.34,0.42,-0.36,-0.82,0.65
19756,0.30,0.39,0.42,-0.39,-0.79,0.69
19816,0.30,0.43,0.42,-0.42,-0.74,0.74
19875,0.31,0.49,0.42,-0.40,-0.67,0.77
19936,0.34,0.57,0.44,-0.36,-0.57,0.81
19996,0.38,0.66,0.48,-0.31,-0.46,0.88
20056,0.40,0.72,0.50,-0.26,-0.39,0.90
20116,0.40,0.73,0.49,-0.21,-0.34,0.88
20176,0.41,0.74,0.49,-0.15,-0.28,0.86
20237,0.44,0.78,0.51,-0.09,-0.22,0.89
20297,0.48,0.83,0.54,-0.03,-0.18,0.92
20357,0.51,0.87,0.57,0.02,-0.15,0.96
20417,0.54,0.90,0.59,0.06,-0.13,0.98
20477,0.56,0.92,0.59,0.08,-0.12,1.01
20537,0.58,0.94,0.59,0.08,-0.11,1.03
20597,0.61,0.97,0.61,0.08,-0.12,1.08
20658,0.65,1.01,0.66,0.07,-0.12,1.12
20717,0.71,1.06,0.72,0.05,-0.15,1.17
20777,0.76,1.09,0.76,0.00,-0.17,1.23
20838,0.76,1.10,0.76,-0.07,-0.20,1.25
20898,0.76,1.11,0.75,-0.14,-0.22,1.25
20958,0.78,1.13,0.76,-0.21,-0.24,1.28
21018,0.82,1.15,0.80,-0.29,-0.26,1.34
21079,0.86,1.16,0.84,-0.37,-0.28,1.39
21139,0.89,1.18,0.86,-0.45,-0.29,1.43
21199,0.90,1.19,0.87,-0.51,-0.30,1.47
21259,0.94,1.20,0.90,-0.55,-0.30,1.50
21318,0.97,1.22,0.93,-0.60,-0.29,1.54
21380,1.03,1.23,0.99,-0.63,-0.29,1.57
21440,1.07,1.24,1.03,-0.67,-0.28,1.60
21500,1.11,1.25,1.06,-0.70,-0.28,1.62
21562,1.14,1.26,1.09,-0.73,-0.27,1.64
21621,1.15,1.26,1.10,-0.73,-0.27,1.63
21682,1.14,1.25,1.09,-0.67,-0.27,1.61
21743,1.14,1.25,1.10,-0.56,-0.27,1.60
21806,1.13,1.25,1.10,-0.43,-0.26,1.57
21867,1.06,1.23,1.04,-0.31,-0.25,1.49
21928,0.99,1.22,0.98,-0.21,-0.23,1.43
21990,0.91,1.19,0.90,-0.14,-0.21,1.37
22050,0.86,1.17,0.86,-0.08,-0.19,1.32
22111,0.81,1.15,0.82,-0.04,-0.17,1.29
22170,0.77,1.13,0.78,-0.00,-0.16,1.26
22231,0.71,1.10,0.72,0.02,-0.14,1.21
22292,0.63,1.04,0.66,0.03,-0.12,1.13
22353,0.55,0.96,0.58,0.01,-0.10,1.04
22414,0.49,0.86,0.53,-0.00,-0.09,0.94
22473,0.44,0.76,0.50,-0.03,-0.09,0.84
22534,0.40,0.68,0.47,-0.06,-0.10,0.75
22595,0.37,0.59,0.45,-0.11,-0.15,0.68
22658,0.34,0.51,0.43,-0.17,-0.22,0.61
22718,0.33,0.45,0.41,-0.22,-0.30,0.56
22779,0.32,0.41,0.40,-0.25,-0.39,0.54
22841,0.31,0.37,0.39,-0.28,-0.46,0.55
22902,0.30,0.32,0.38,-0.30,-0.54,0.51
22962,0.28,0.26,0.37,-0.30,-0.63,0.45
23021,0.26,0.21,0.36,-0.30,-0.71,0.41
23083,0.25,0.17,0.35,-0.28,-0.79,0.40
23144,0.25,0.14,0.36,-0.25,-0.84,0.35
23205,0.25,0.13,0.38,-0.24,-0.86,0.33
23268,0.26,0.13,0.39,-0.24,-0.88,0.34
23327,0.25,0.13,0.40,-0.24,-0.89,0.34
23387,0.25,0.12,0.40,-0.24,-0.89,0.34
23450,0.23,0.11,0.40,-0.24,-0.88,0.31
23511,0.20,0.07,0.39,-0.22,-0.88,0.25
23571,0.15,0.01,0.37,-0.19,-0.86,0.14
23632,0.13,-0.03,0.37,-0.18,-0.83,0.06
23693,0.13,-0.03,0.38,-0.20,-0.74,0.08
23755,0.13,-0.03,0.39,-0.22,-0.61,0.08
23816,0.11,-0.06,0.39,-0.23,-0.47,0.04
23875,0.09,-0.10,0.37,-0.23,-0.40,-0.01
23936,0.07,-0.16,0.36,-0.24,-0.34,-0.09
23998,0.05,-0.19,0.34,-0.25,-0.28,-0.12
24059,0.04,-0.22,0.34,-0.27,-0.20,-0.16
24120,0.03,-0.27,0.35,-0.31,-0.12,-0.21
24180,0.02,-0.31,0.35,-0.34,-0.06,-0.24
24240,0.00,-0.37,0.36,-0.36,-0.02,-0.31
24302,-0.01,-0.43,0.35,-0.39,-0.01,-0.35
24363,-0.03,-0.48,0.34,-0.40,-0.01,-0.40
24422,-0.05,-0.54,0.35,-0.41,-0.02,-0.47
24483,-0.06,-0.59,0.36,-0.39,-0.07,-0.51
24545,-0.08,-0.65,0.37,-0.36,-0.14,-0.56
24607,-0.12,-0.71,0.39,-0.29,-0.23,-0.64
24669,-0.16,-0.77,0.41,-0.19,-0.33,-0.73
24728,-0.21,-0.83,0.44,-0.11,-0.40,-0.81
24788,-0.27,-0.90,0.49,-0.03,-0.44,-0.92
24851,-0.32,-0.94,0.53,0.02,-0.46,-0.99
24911,-0.34,-0.97,0.57,0.07,-0.47,-1.03
24973,-0.38,-1.00,0.60,0.11,-0.48,-1.07
25033,-0.43,-1.03,0.65,0.15,-0.48,-1.14
25095,-0.44,-1.04,0.66,0.18,-0.48,-1.17
25155,-0.46,-1.06,0.69,0.20,-0.48,-1.19
25216,-0.50,-1.07,0.72,0.24,-0.48,-1.23
25275,-0.54,-1.09,0.76,0.28,-0.48,-1.28
25335,-0.57,-1.11,0.77,0.33,-0.47,-1.31
25398,-0.61,-1.12,0.81,0.38,-0.47,-1.35
25461,-0.61,-1.12,0.82,0.37,-0.46,-1.35
25523,-0.70,-1.14,0.90,0.36,-0.46,-1.40
25582,-0.77,-1.16,0.96,0.31,-0.44,-1.42
25643,-0.78,-1.16,0.97,0.21,-0.44,-1.38
25703,-0.77,-1.15,0.97,0.09,-0.43,-1.34
25763,-0.77,-1.16,0.97,-0.02,-0.42,-1.29
25824,-0.76,-1.15,0.95,-0.12,-0.39,-1.27
25884,-0.73,-1.15,0.92,-0.21,-0.37,-1.24
25945,-0.66,-1.13,0.86,-0.29,-0.34,-1.19
26005,-0.57,-1.09,0.77,-0.38,-0.30,-1.12
26065,-0.48,-1.04,0.70,-0.46,-0.24,-1.03
26125,-0.41,-1.00,0.63,-0.53,-0.18,-0.96
26184,-0.38,-0.98,0.60,-0.54,-0.17,-0.93
26245,-0.35,-0.96,0.55,-0.54,-0.15,-0.90
26305,-0.30,-0.92,0.51,-0.52,-0.14,-0.86
26364,-0.25,-0.86,0.47,-0.47,-0.16,-0.78
26425,-0.23,-0.82,0.46,-0.40,-0.22,-0.74
26485,-0.23,-0.80,0.45,-0.30,-0.32,-0.75
26545,-0.24,-0.78,0.44,-0.19,-0.43,-0.76
26605,-0.25,-0.76,0.43,-0.09,-0.52,-0.77
26665,-0.24,-0.72,0.42,-0.01,-0.60,-0.77
26726,-0.22,-0.68,0.41,0.05,-0.66,-0.77
26785,-0.19,-0.63,0.40,0.08,-0.72,-0.75
26845,-0.16,-0.58,0.40,0.08,-0.75,-0.69
26905,-0.11,-0.50,0.39,0.06,-0.78,-0.59
26966,-0.06,-0.43,0.38,0.03,-0.81,-0.49
27026,0.01,-0.31,0.37,-0.02,-0.83,-0.33
27086,0.09,-0.15,0.35,-0.10,-0.85,-0.08
27146,0.16,-0.01,0.35,-0.18,-0.84,0.12
27206,0.18,0.03,0.35,-0.22,-0.84,0.18
27267,0.19,0.05,0.35,-0.23,-0.84,0.21
27326,0.22,0.10,0.36,-0.26,-0.85,0.28
27386,0.25,0.17,0.37,-0.29,-0.84,0.38
27446,0.26,0.21,0.37,-0.32,-0.83,0.44
27506,0.27,0.25,0.38,-0.34,-0.83,0.50
27567,0.27,0.27,0.38,-0.36,-0.82,0.52
27627,0.27,0.28,0.38,-0.37,-0.81,0.54
27686,0.29,0.32,0.37,-0.40,-0.80,0.59
27747,0.30,0.37,0.37,-0.42,-0.78,0.64
27807,0.31,0.41,0.37,-0.44,-0.75,0.70
27868,0.33,0.47,0.37,-0.46,-0.72,0.75
27928,0.34,0.52,0.37,-0.45,-0.67,0.77
27987,0.34,0.54,0.36,-0.42,-0.60,0.77
28048,0.32,0.54,0.34,-0.39,-0.54,0.73
28108,0.31,0.54,0.32,-0.35,-0.48,0.71
28169,0.32,0.56,0.32,-0.31,-0.41,0.70
28228,0.33,0.59,0.33,-0.27,-0.34,0.71
28289,0.35,0.62,0.34,-0.22,-0.27,0.72
28348,0.36,0.64,0.34,-0.18,-0.23,0.72
28408,0.37,0.66,0.34,-0.15,-0.18,0.73
28469,0.39,0.69,0.34,-0.11,-0.14,0.75
28529,0.40,0.73,0.36,-0.06,-0.10,0.78
28589,0.42,0.76,0.37,-0.02,-0.06,0.82
28649,0.43,0.80,0.37,0.03,-0.02,0.86
28709,0.44,0.81,0.38,0.06,0.01,0.87
28770,0.44,0.82,0.37,0.08,0.03,0.88
28829,0.45,0.83,0.36,0.09,0.03,0.89
28889,0.46,0.84,0.37,0.09,0.03,0.91
28949,0.48,0.85,0.39,0.07,0.01,0.92
29009,0.50,0.87,0.40,0.04,-0.03,0.93
29070,0.52,0.91,0.42,-0.01,-0.08,0.98
29129,0.54,0.95,0.44,-0.07,-0.13,1.03
29190,0.56,0.98,0.46,-0.12,-0.16,1.06
29249,0.58,1.01,0.48,-0.21,-0.21,1.11
29310,0.60,1.04,0.49,-0.28,-0.24,1.17
29370,0.62,1.07,0.52,-0.34,-0.25,1.22
29430,0.64,1.09,0.54,-0.39,-0.27,1.26
29490,0.67,1.11,0.58,-0.43,-0.28,1.30
29550,0.70,1.14,0.63,-0.48,-0.28,1.35
29611,0.72,1.15,0.64,-0.53,-0.29,1.38
29671,0.71,1.15,0.64,-0.59,-0.29,1.40
29730,0.73,1.16,0.65,-0.64,-0.30,1.43
29791,0.75,1.17,0.67,-0.68,-0.31,1.45
29851,0.79,1.18,0.70,-0.72,-0.31,1.49
29911,0.83,1.20,0.75,-0.73,-0.30,1.51
29971,0.87,1.21,0.78,-0.74,-0.29,1.53
30031,0.86,1.21,0.77,-0.73,-0.29,1.52
30091,0.85,1.20,0.76,-0.70,-0.29,1.50
30151,0.85,1.20,0.77,-0.61,-0.28,1.48
30212,0.85,1.20,0.78,-0.51,-0.27,1.46
30272,0.84,1.19,0.78,-0.41,-0.24,1.42
30331,0.80,1.18,0.76,-0.31,-0.22,1.37
30392,0.75,1.16,0.72,-0.23,-0.20,1.32
30452,0.69,1.13,0.66,-0.17,-0.17,1.26
30512,0.64,1.09,0.61,-0.13,-0.15,1.19
30572,0.59,1.04,0.56,-0.10,-0.13,1.13
30632,0.56,1.00,0.53,-0.09,-0.12,1.09
30692,0.53,0.96,0.50,-0.06,-0.10,1.05
30752,0.50,0.91,0.47,-0.04,-0.07,1.00
30813,0.47,0.87,0.45,-0.01,-0.04,0.95
30873,0.45,0.83,0.44,0.01,-0.01,0.90
30932,0.43,0.79,0.42,0.01,0.00,0.86
30993,0.41,0.74,0.40,-0.00,0.01,0.81
31053,0.40,0.70,0.39,-0.02,0.01,0.78
31114,0.38,0.64,0.37,-0.05,-0.02,0.71
31174,0.37,0.59,0.36,-0.10,-0.08,0.64
31234,0.36,0.54,0.35,-0.14,-0.14,0.62
31293,0.35,0.52,0.34,-0.17,-0.21,0.58
31353,0.35,0.49,0.34,-0.21,-0.29,0.58
31414,0.34,0.45,0.33,-0.25,-0.37,0.57
31475,0.32,0.40,0.33,-0.28,-0.46,0.53
31535,0.31,0.36,0.32,-0.29,-0.51,0.50
31594,0.30,0.33,0.31,-0.28,-0.57,0.50
31654,0.29,0.30,0.30,-0.29,-0.62,0.48
31716,0.28,0.27,0.29,-0.29,-0.66,0.44
31777,0.27,0.22,0.28,-0.28,-0.71,0.39
31837,0.26,0.18,0.28,-0.25,-0.75,0.35
31896,0.25,0.15,0.28,-0.23,-0.76,0.33
31958,0.24,0.13,0.29,-0.22,-0.77,0.30
32020,0.23,0.11,0.30,-0.21,-0.78,0.28
32081,0.22,0.08,0.31,-0.19,-0.80,0.24
32142,0.21,0.05,0.31,-0.17,-0.80,0.19
32202,0.20,0.02,0.32,-0.16,-0.81,0.15
32265,0.17,-0.04,0.32,-0.13,-0.81,0.06
32326,0.15,-0.11,0.32,-0.09,-0.81,-0.04
32386,0.11,-0.18,0.33,-0.04,-0.80,-0.15
32445,0.09,-0.24,0.33,-0.02,-0.79,-0.23
32506,0.09,-0.26,0.33,-0.02,-0.77,-0.27
32567,0.09,-0.27,0.34,-0.05,-0.73,-0.26
32628,0.09,-0.26,0.35,-0.07,-0.68,-0.24
32688,0.10,-0.24,0.36,-0.10,-0.65,-0.20
32748,0.10,-0.22,0.37,-0.11,-0.63,-0.18
32808,0.11,-0.20,0.39,-0.13,-0.59,-0.14
32871,0.11,-0.19,0.40,-0.16,-0.52,-0.12
32932,0.10,-0.19,0.41,-0.19,-0.43,-0.12
32993,0.09,-0.19,0.42,-0.22,-0.33,-0.13
33054,0.08,-0.21,0.43,-0.26,-0.24,-0.15
33116,0.05,-0.25,0.42,-0.29,-0.18,-0.18
33177,0.03,-0.28,0.43,-0.32,-0.15,-0.22
33236,0.00,-0.31,0.43,-0.34,-0.14,-0.25
33296,-0.02,-0.35,0.44,-0.35,-0.15,-0.28
33357,-0.03,-0.37,0.45,-0.36,-0.16,-0.31
33419,-0.05,-0.40,0.45,-0.36,-0.17,-0.34
33480,-0.07,-0.44,0.46,-0.38,-0.17,-0.39
33540,-0.10,-0.48,0.46,-0.39,-0.17,-0.43
33599,-0.12,-0.53,0.46,-0.40,-0.17,-0.46
33660,-0.14,-0.58,0.46,-0.41,-0.17,-0.53
33722,-0.16,-0.64,0.46,-0.41,-0.17,-0.59
33784,-0.18,-0.70,0.46,-0.38,-0.19,-0.66
33844,-0.19,-0.75,0.46,-0.33,-0.24,-0.73
33904,-0.20,-0.80,0.45,-0.26,-0.30,-0.77
33967,-0.21,-0.84,0.45,-0.17,-0.35,-0.83
34028,-0.21,-0.86,0.46,-0.08,-0.40,-0.86
34087,-0.23,-0.88,0.48,0.01,-0.44,-0.91
34147,-0.26,-0.91,0.51,0.09,-0.48,-0.98
34208,-0.31,-0.94,0.54,0.18,-0.51,-1.06
34270,-0.34,-0.97,0.57,0.24,-0.52,-1.12
34331,-0.35,-0.98,0.58,0.28,-0.52,-1.15
34392,-0.36,-0.99,0.60,0.30,-0.52,-1.17
34451,-0.39,-1.00,0.62,0.32,-0.52,-1.19
34513,-0.42,-1.02,0.65,0.34,-0.51,-1.22
34575,-0.43,-1.03,0.66,0.35,-0.50,-1.23
34636,-0.45,-1.04,0.68,0.34,-0.50,-1.25
34696,-0.46,-1.05,0.69,0.32,-0.49,-1.26
34756,-0.45,-1.04,0.67,0.23,-0.48,-1.24
34818,-0.41,-1.02,0.64,0.10,-0.46,-1.14
34879,-0.37,-0.98,0.61,-0.03,-0.42,-1.05
34938,-0.33,-0.96,0.58,-0.15,-0.37,-0.98
34998,-0.32,-0.96,0.57,-0.25,-0.31,-0.97
35059,-0.36,-1.00,0.60,-0.31,-0.26,-1.01
35121,-0.40,-1.05,0.63,-0.37,-0.24,-1.05
35182,-0.44,-1.07,0.66,-0.42,-0.22,-1.07
35241,-0.47,-1.08,0.68,-0.47,-0.21,-1.07
35302,-0.49,-1.09,0.70,-0.52,-0.20,-1.06
35363,-0.53,-1.11,0.73,-0.54,-0.20,-1.08
35426,-0.58,-1.13,0.76,-0.56,-0.21,-1.11
35487,-0.60,-1.13,0.77,-0.57,-0.21,-1.12
35547,-0.60,-1.13,0.77,-0.57,-0.21,-1.11
35607,-0.56,-1.12,0.74,-0.55,-0.21,-1.10
35667,-0.50,-1.09,0.69,-0.50,-0.21,-1.06
35728,-0.44,-1.05,0.63,-0.42,-0.23,-1.03
35788,-0.38,-1.02,0.58,-0.32,-0.27,-1.00
35849,-0.33,-0.98,0.53,-0.21,-0.32,-0.98
35909,-0.28,-0.93,0.49,-0.11,-0.38,-0.94
35970,-0.23,-0.88,0.46,-0.02,-0.44,-0.91
36030,-0.20,-0.84,0.43,0.06,-0.49,-0.90
36089,-0.19,-0.81,0.42,0.14,-0.55,-0.91
36150,-0.17,-0.78,0.41,0.22,-0.60,-0.91
36209,-0.14,-0.73,0.40,0.23,-0.63,-0.85
36270,-0.10,-0.68,0.39,0.22,-0.66,-0.79
36330,-0.06,-0.61,0.37,0.18,-0.68,-0.72
36389,-0.02,-0.55,0.36,0.10,-0.65,-0.64
36450,0.01,-0.49,0.35,0.00,-0.59,-0.52
36509,0.04,-0.43,0.34,-0.09,-0.48,-0.39
36570,0.06,-0.39,0.34,-0.16,-0.37,-0.33
36630,0.07,-0.35,0.33,-0.21,-0.26,-0.28
36690,0.07,-0.33,0.32,-0.25,-0.16,-0.26
36750,0.07,-0.31,0.31,-0.29,-0.07,-0.25
36810,0.06,-0.28,0.31,-0.32,0.03,-0.22
36870,0.07,-0.26,0.30,-0.32,0.05,-0.21
36930,0.07,-0.26,0.29,-0.31,0.06,-0.20
36990,0.08,-0.24,0.29,-0.31,0.04,-0.17
37050,0.08,-0.24,0.30,-0.29,-0.01,-0.18
37110,0.08,-0.23,0.29,-0.26,-0.10,-0.17
37171,0.09,-0.23,0.28,-0.23,-0.21,-0.17
37231,0.09,-0.23,0.27,-0.19,-0.33,-0.15
37292,0.09,-0.23,0.26,-0.15,-0.45,-0.15
37351,0.09,-0.22,0.26,-0.12,-0.56,-0.14
37411,0.10,-0.21,0.26,-0.09,-0.63,-0.14
37472,0.11,-0.17,0.27,-0.09,-0.70,-0.10
37531,0.14,-0.09,0.27,-0.11,-0.75,-0.01
37592,0.18,0.02,0.28,-0.15,-0.77,0.15
37652,0.25,0.17,0.30,-0.22,-0.77,0.32
37711,0.29,0.26,0.32,-0.26,-0.76,0.47
37772,0.32,0.32,0.35,-0.31,-0.76,0.55
37832,0.34,0.37,0.37,-0.34,-0.76,0.63
37893,0.36,0.43,0.38,-0.39,-0.75,0.72
37952,0.38,0.49,0.39,-0.42,-0.73,0.80
38012,0.41,0.56,0.41,-0.46,-0.70,0.89
38073,0.43,0.63,0.42,-0.50,-0.68,0.97
38133,0.46,0.69,0.43,-0.52,-0.64,1.04
38194,0.48,0.74,0.45,-0.56,-0.61,1.09
38253,0.50,0.80,0.46,-0.58,-0.57,1.15
38313,0.53,0.86,0.48,-0.59,-0.54,1.20
38374,0.55,0.91,0.50,-0.59,-0.50,1.23
38433,0.59,0.95,0.53,-0.53,-0.46,1.25
38494,0.62,0.98,0.57,-0.44,-0.41,1.25
38554,0.66,1.01,0.61,-0.34,-0.35,1.24
38614,0.66,1.02,0.61,-0.24,-0.30,1.22
38674,0.66,1.02,0.60,-0.16,-0.26,1.17
38734,0.67,1.03,0.61,-0.08,-0.22,1.15
38795,0.70,1.05,0.63,-0.01,-0.18,1.15
38854,0.73,1.07,0.65,0.05,-0.16,1.16
38914,0.76,1.09,0.68,0.11,-0.13,1.18
38974,0.77,1.10,0.69,0.15,-0.12,1.19
39034,0.78,1.11,0.69,0.16,-0.11,1.19
39095,0.79,1.11,0.70,0.17,-0.10,1.21
39154,0.81,1.13,0.71,0.16,-0.10,1.22
39214,0.83,1.14,0.72,0.17,-0.10,1.23
39274,0.83,1.14,0.73,0.16,-0.10,1.23
39334,0.84,1.14,0.73,0.16,-0.11,1.24
39395,0.85,1.15,0.74,0.16,-0.11,1.25
39454,0.86,1.15,0.75,0.16,-0.11,1.25
39515,0.86,1.15,0.75,0.15,-0.11,1.26
39575,0.85,1.15,0.75,0.15,-0.11,1.25
39635,0.85,1.15,0.74,0.15,-0.11,1.25
39696,0.85,1.15,0.74,0.15,-0.11,1.25
39755,0.84,1.14,0.74,0.15,-0.12,1.24
39816,0.84,1.14,0.73,0.15,-0.12,1.24
39876,0.84,1.14,0.73,0.15,-0.12,1.24
39936,0.84,1.14,0.73,0.14,-0.12,1.24
39996,0.84,1.14,0.73,0.14,-0.12,1.24
40055,0.83,1.14,0.72,0.14,-0.12,1.24
40116,0.82,1.14,0.72,0.13,-0.12,1.24
40176,0.82,1.13,0.71,0.11,-0.12,1.23
40237,0.80,1.12,0.70,0.08,-0.13,1.22
40297,0.76,1.10,0.68,0.05,-0.14,1.20
40356,0.74,1.09,0.67,0.03,-0.14,1.19
40416,0.71,1.07,0.66,-0.01,-0.16,1.17
40477,0.67,1.04,0.63,-0.06,-0.18,1.15
40537,0.62,1.00,0.59,-0.14,-0.21,1.10
40597,0.57,0.95,0.54,-0.20,-0.24,1.06
40657,0.54,0.91,0.51,-0.25,-0.27,1.04
40717,0.52,0.89,0.49,-0.29,-0.30,1.03
40777,0.50,0.87,0.48,-0.32,-0.32,1.02
40838,0.49,0.84,0.47,-0.34,-0.34,1.00
40898,0.46,0.81,0.46,-0.36,-0.36,0.97
40958,0.43,0.77,0.44,-0.36,-0.37,0.93
41018,0.41,0.72,0.42,-0.36,-0.37,0.89
41078,0.38,0.68,0.41,-0.36,-0.38,0.84
41139,0.36,0.63,0.40,-0.37,-0.40,0.78
41199,0.33,0.56,0.38,-0.37,-0.43,0.73
41259,0.30,0.49,0.36,-0.38,-0.46,0.68
41318,0.28,0.42,0.33,-0.39,-0.51,0.62
41379,0.25,0.35,0.30,-0.40,-0.56,0.56
41440,0.23,0.28,0.28,-0.39,-0.62,0.47
41500,0.21,0.22,0.26,-0.37,-0.66,0.40
41560,0.18,0.15,0.25,-0.35,-0.69,0.34
41619,0.17,0.09,0.25,-0.32,-0.71,0.27
41680,0.16,0.06,0.25,-0.30,-0.72,0.22
41742,0.16,0.05,0.26,-0.29,-0.73,0.20
41801,0.16,0.04,0.26,-0.28,-0.74,0.20
41861,0.17,0.05,0.27,-0.28,-0.75,0.21
41922,0.17,0.05,0.27,-0.28,-0.76,0.20
41984,0.17,0.04,0.27,-0.28,-0.77,0.20
42046,0.17,0.04,0.28,-0.28,-0.77,0.20
42106,0.17,0.05,0.30,-0.28,-0.79,0.21
42166,0.18,0.06,0.32,-0.28,-0.80,0.22
42228,0.18,0.08,0.34,-0.29,-0.82,0.25
42290,0.19,0.08,0.36,-0.29,-0.83,0.27
42351,0.19,0.08,0.38,-0.30,-0.85,0.27
42411,0.18,0.07,0.39,-0.28,-0.87,0.26
42471,0.18,0.07,0.40,-0.28,-0.89,0.26
42532,0.18,0.08,0.41,-0.29,-0.91,0.31
42594,0.20,0.11,0.43,-0.30,-0.91,0.34
42653,0.22,0.12,0.44,-0.31,-0.93,0.37
42713,0.21,0.11,0.45,-0.30,-0.94,0.34
42774,0.19,0.09,0.45,-0.29,-0.95,0.30
42835,0.16,0.06,0.46,-0.27,-0.96,0.24
42899,0.13,0.03,0.46,-0.27,-0.96,0.21
42958,0.13,0.06,0.45,-0.30,-0.96,0.26
43019,0.16,0.11,0.45,-0.34,-0.94,0.35
43081,0.18,0.16,0.45,-0.38,-0.93,0.42
43142,0.17,0.15,0.44,-0.38,-0.93,0.41
43203,0.15,0.13,0.44,-0.36,-0.93,0.36
43262,0.12,0.09,0.43,-0.34,-0.92,0.29
43324,0.10,0.06,0.41,-0.32,-0.91,0.22
43385,0.08,0.03,0.41,-0.30,-0.88,0.16
43449,0.06,0.01,0.40,-0.29,-0.86,0.13
43508,0.05,-0.00,0.41,-0.29,-0.84,0.11
43569,0.04,-0.02,0.41,-0.29,-0.83,0.10
43630,0.02,-0.03,0.40,-0.28,-0.83,0.07
43692,0.01,-0.05,0.40,-0.28,-0.82,0.04
43752,-0.01,-0.07,0.39,-0.27,-0.82,0.02
43812,-0.02,-0.09,0.38,-0.27,-0.81,-0.01
43872,-0.03,-0.10,0.37,-0.26,-0.80,-0.03
43932,-0.03,-0.12,0.36,-0.25,-0.79,-0.06
43994,-0.03,-0.14,0.35,-0.24,-0.78,-0.08
44055,-0.03,-0.14,0.35,-0.23,-0.78,-0.08
44114,-0.03,-0.15,0.35,-0.23,-0.80,-0.09
44176,-0.03,-0.16,0.36,-0.21,-0.83,-0.11
44238,-0.03,-0.15,0.37,-0.21,-0.88,-0.10
44301,0.00,-0.09,0.38,-0.22,-0.89,-0.02
44360,0.07,0.02,0.39,-0.28,-0.90,0.14
44421,0.16,0.16,0.41,-0.36,-0.90,0.34
44482,0.25,0.30,0.43,-0.44,-0.88,0.55
44544,0.32,0.39,0.45,-0.46,-0.85,0.72
44604,0.30,0.36,0.45,-0.45,-0.86,0.69
44663,0.31,0.37,0.46,-0.46,-0.86,0.66
44724,0.30,0.35,0.46,-0.43,-0.88,0.70
44784,0.29,0.34,0.46,-0.43,-0.88,0.63
44846,0.29,0.34,0.46,-0.43,-0.88,0.63
44907,0.29,0.34,0.46,-0.43,-0.88,0.63
44966,0.30,0.34,0.46,-0.43,-0.88,0.63
45029,0.29,0.34,0.45,-0.42,-0.88,0.63
45090,0.26,0.29,0.44,-0.40,-0.89,0.56
45153,0.21,0.21,0.43,-0.36,-0.90,0.45
45212,0.16,0.11,0.43,-0.31,-0.91,0.33
45273,0.11,0.02,0.42,-0.26,-0.93,0.18
45333,0.06,-0.04,0.43,-0.21,-0.93,0.08
45393,0.03,-0.09,0.43,-0.19,-0.94,0.01
45455,0.01,-0.11,0.43,-0.17,-0.94,-0.03
45514,0.02,-0.11,0.43,-0.18,-0.94,-0.02
45574,0.03,-0.09,0.43,-0.19,-0.94,0.02
45634,0.04,-0.09,0.43,-0.18,-0.95,0.02
45694,0.05,-0.10,0.44,-0.16,-0.95,0.01
45755,0.04,-0.10,0.43,-0.18,-0.93,-0.00
45815,0.06,-0.08,0.41,-0.20,-0.91,0.02
45875,0.07,-0.04,0.40,-0.23,-0.87,0.08
45934,0.07,-0.01,0.40,-0.26,-0.78,0.11
45995,0.07,0.00,0.41,-0.27,-0.67,0.12
46055,0.07,0.01,0.41,-0.29,-0.57,0.13
46114,0.07,0.02,0.41,-0.29,-0.46,0.12
46175,0.06,0.02,0.40,-0.31,-0.38,0.12
46234,0.06,0.02,0.40,-0.31,-0.31,0.12
46295,0.06,0.03,0.40,-0.31,-0.26,0.11
46355,0.06,0.03,0.40,-0.31,-0.22,0.10
46414,0.06,0.02,0.41,-0.30,-0.19,0.09
46474,0.06,0.01,0.41,-0.30,-0.16,0.08
46534,0.06,0.00,0.40,-0.30,-0.14,0.07
46595,0.06,-0.01,0.40,-0.30,-0.11,0.06
46655,0.05,-0.02,0.40,-0.31,-0.06,0.05
46714,0.04,-0.04,0.38,-0.33,-0.03,0.03
46775,0.02,-0.06,0.36,-0.35,-0.01,0.01
46834,0.00,-0.10,0.34,-0.36,-0.00,-0.02
46895,0.01,-0.10,0.34,-0.35,-0.01,-0.03
46955,0.01,-0.10,0.34,-0.36,-0.05,-0.01
47015,-0.00,-0.12,0.34,-0.35,-0.16,-0.05
47075,-0.01,-0.13,0.33,-0.33,-0.30,-0.05
47135,-0.01,-0.12,0.32,-0.32,-0.41,-0.04
47196,-0.01,-0.12,0.32,-0.32,-0.50,-0.02
47256,-0.01,-0.11,0.32,-0.31,-0.56,-0.01
47316,-0.01,-0.10,0.32,-0.31,-0.61,-0.01
47376,-0.01,-0.11,0.32,-0.30,-0.66,-0.01
47436,-0.01,-0.10,0.32,-0.29,-0.70,-0.01
47497,-0.01,-0.10,0.32,-0.29,-0.74,-0.01
47556,-0.01,-0.09,0.32,-0.30,-0.76,0.00
47617,-0.01,-0.09,0.32,-0.31,-0.79,0.01
47677,-0.01,-0.10,0.32,-0.30,-0.84,0.01
47736,-0.00,-0.08,0.33,-0.30,-0.85,0.03
47797,0.01,-0.08,0.33,-0.30,-0.84,0.04
47857,0.01,-0.07,0.32,-0.30,-0.81,0.03
47918,0.01,-0.07,0.31,-0.29,-0.76,0.02
47977,0.01,-0.07,0.32,-0.32,-0.66,0.03
48036,0.02,-0.07,0.32,-0.33,-0.56,0.03
48097,0.02,-0.07,0.32,-0.34,-0.46,0.03
48157,0.02,-0.08,0.32,-0.34,-0.38,0.01
48218,0.02,-0.09,0.32,-0.35,-0.31,-0.00
48277,0.02,-0.09,0.32,-0.37,-0.24,-0.01
48336,0.03,-0.09,0.32,-0.37,-0.18,-0.02
48397,0.03,-0.09,0.32,-0.38,-0.13,-0.03
48457,0.03,-0.10,0.32,-0.38,-0.10,-0.04
48518,0.03,-0.10,0.32,-0.38,-0.06,-0.03
48577,0.03,-0.10,0.32,-0.38,-0.05,-0.03
48637,0.03,-0.10,0.32,-0.38,-0.04,-0.03
48698,0.03,-0.09,0.32,-0.38,-0.03,-0.03
48758,0.03,-0.09,0.32,-0.38,0.01,-0.02
48819,0.03,-0.09,0.31,-0.38,0.02,-0.03
48878,0.03,-0.10,0.31,-0.38,0.02,-0.03
48937,0.03,-0.10,0.32,-0.37,-0.02,-0.02
48998,0.03,-0.10,0.33,-0.35,-0.13,-0.02
49058,0.03,-0.10,0.32,-0.34,-0.26,-0.02
49119,0.03,-0.10,0.32,-0.33,-0.38,-0.03
49179,0.03,-0.10,0.32,-0.32,-0.45,-0.01
49239,0.03,-0.10,0.33,-0.31,-0.51,0.01
49299,0.03,-0.10,0.33,-0.31,-0.56,-0.00
49359,0.03,-0.11,0.33,-0.29,-0.61,-0.01
49420,0.03,-0.11,0.33,-0.28,-0.65,-0.01
49480,0.03,-0.11,0.33,-0.27,-0.69,-0.02
49540,0.03,-0.11,0.33,-0.27,-0.72,-0.02
49600,0.03,-0.11,0.33,-0.25,-0.75,-0.03
49660,0.03,-0.11,0.33,-0.25,-0.78,-0.04
49721,0.03,-0.11,0.33,-0.25,-0.81,-0.04
49780,0.02,-0.11,0.34,-0.26,-0.84,-0.03
49841,0.02,-0.11,0.34,-0.26,-0.86,-0.02
49901,0.02,-0.11,0.34,-0.27,-0.85,-0.02
49961,0.03,-0.11,0.33,-0.26,-0.82,-0.04
50022,0.03,-0.11,0.33,-0.26,-0.75,-0.04
50082,0.03,-0.11,0.33,-0.28,-0.66,-0.03
50143,0.04,-0.11,0.33,-0.30,-0.56,-0.02
50204,0.04,-0.11,0.33,-0.31,-0.47,-0.01
50264,0.04,-0.12,0.33,-0.32,-0.39,-0.03
50325,0.03,-0.12,0.33,-0.34,-0.31,-0.05
50386,0.03,-0.12,0.33,-0.35,-0.24,-0.04
50449,0.03,-0.12,0.33,-0.36,-0.17,-0.06
50511,0.03,-0.13,0.33,-0.36,-0.12,-0.06
50572,0.03,-0.13,0.33,-0.37,-0.08,-0.07
50632,0.03,-0.12,0.33,-0.37,-0.04,-0.06
50693,0.03,-0.13,0.32,-0.38,-0.01,-0.06
50753,0.03,-0.13,0.32,-0.38,0.01,-0.08
50813,0.03,-0.13,0.31,-0.37,0.02,-0.08
50874,0.03,-0.14,0.31,-0.37,0.00,-0.08
50934,0.03,-0.15,0.32,-0.35,-0.09,-0.07
50995,0.04,-0.15,0.32,-0.33,-0.23,-0.06
51057,0.04,-0.15,0.32,-0.30,-0.38,-0.09
51120,0.04,-0.15,0.32,-0.28,-0.50,-0.06
51179,0.04,-0.14,0.33,-0.26,-0.58,-0.05
51240,0.04,-0.14,0.33,-0.24,-0.65,-0.06
51302,0.04,-0.14,0.34,-0.22,-0.70,-0.07
51363,0.05,-0.14,0.34,-0.21,-0.74,-0.07
51424,0.05,-0.14,0.34,-0.19,-0.76,-0.08
51485,0.05,-0.14,0.34,-0.19,-0.79,-0.08
51547,0.05,-0.14,0.34,-0.18,-0.81,-0.08
51608,0.05,-0.14,0.34,-0.18,-0.83,-0.09
51668,0.05,-0.13,0.34,-0.18,-0.85,-0.08
51728,0.05,-0.13,0.35,-0.18,-0.86,-0.07
51789,0.05,-0.12,0.35,-0.18,-0.86,-0.06
51851,0.06,-0.11,0.35,-0.19,-0.83,-0.06
51912,0.06,-0.11,0.34,-0.20,-0.77,-0.05
51974,0.07,-0.11,0.34,-0.22,-0.67,-0.04
52034,0.08,-0.09,0.35,-0.25,-0.57,-0.02
52094,0.08,-0.08,0.35,-0.27,-0.46,0.01
52157,0.08,-0.08,0.35,-0.27,-0.38,-0.01
52216,0.08,-0.09,0.35,-0.28,-0.31,-0.02
52277,0.08,-0.09,0.34,-0.29,-0.24,-0.03
52339,0.07,-0.09,0.34,-0.30,-0.18,-0.04
52400,0.07,-0.09,0.35,-0.30,-0.14,-0.04
52462,0.07,-0.09,0.35,-0.30,-0.10,-0.05
52521,0.07,-0.09,0.35,-0.31,-0.05,-0.05
52581,0.07,-0.09,0.35,-0.31,-0.00,-0.04
52641,0.07,-0.10,0.33,-0.31,0.00,-0.05
52703,0.07,-0.10,0.33,-0.30,-0.01,-0.05
52764,0.07,-0.09,0.35,-0.29,-0.06,-0.03
52825,0.08,-0.09,0.35,-0.28,-0.17,-0.02
52884,0.08,-0.09,0.36,-0.26,-0.30,-0.01
52943,0.08,-0.09,0.36,-0.24,-0.43,-0.02
53004,0.07,-0.09,0.36,-0.23,-0.53,0.01
53064,0.07,-0.08,0.37,-0.22,-0.62,0.01
53126,0.08,-0.07,0.38,-0.21,-0.68,0.01
53186,0.08,-0.07,0.39,-0.21,-0.72,0.03
53246,0.08,-0.06,0.39,-0.20,-0.76,0.03
53309,0.08,-0.06,0.40,-0.20,-0.80,0.03
53369,0.08,-0.06,0.40,-0.19,-0.84,0.03
53430,0.08,-0.06,0.40,-0.19,-0.88,0.03
53491,0.07,-0.05,0.41,-0.19,-0.91,0.04
53553,0.08,-0.04,0.41,-0.20,-0.91,0.05
53613,0.08,-0.03,0.41,-0.20,-0.90,0.06
53672,0.08,-0.03,0.41,-0.21,-0.85,0.05
53733,0.08,-0.03,0.41,-0.22,-0.76,0.06
53793,0.08,-0.03,0.42,-0.23,-0.65,0.07
53854,0.09,-0.03,0.42,-0.23,-0.54,0.07
53914,0.09,-0.03,0.41,-0.24,-0.43,0.05
53974,0.08,-0.04,0.41,-0.24,-0.34,0.03
54034,0.08,-0.04,0.41,-0.25,-0.27,0.01
54093,0.08,-0.04,0.40,-0.26,-0.22,0.01
54154,0.08,-0.04,0.41,-0.26,-0.17,-0.00
54214,0.08,-0.04,0.41,-0.26,-0.13,-0.01
54274,0.08,-0.04,0.41,-0.25,-0.09,-0.01
54334,0.08,-0.04,0.40,-0.25,-0.05,-0.01
54394,0.08,-0.05,0.39,-0.25,-0.04,-0.02
54455,0.07,-0.06,0.39,-0.25,-0.03,-0.03
54514,0.07,-0.07,0.39,-0.26,-0.05,-0.01
54575,0.08,-0.06,0.40,-0.25,-0.10,0.00
54635,0.08,-0.06,0.40,-0.24,-0.20,0.02
54694,0.09,-0.06,0.40,-0.22,-0.32,0.01
54755,0.08,-0.07,0.40,-0.21,-0.44,0.00
54815,0.08,-0.06,0.40,-0.20,-0.53,0.03
54876,0.08,-0.06,0.41,-0.19,-0.61,0.04
54936,0.08,-0.06,0.41,-0.18,-0.68,0.03
54995,0.08,-0.06,0.41,-0.17,-0.74,0.03
55055,0.08,-0.06,0.41,-0.16,-0.78,0.03
55115,0.08,-0.06,0.41,-0.16,-0.82,0.03
55176,0.08,-0.06,0.41,-0.15,-0.85,0.02
55236,0.08,-0.06,0.41,-0.15,-0.88,0.02
55296,0.08,-0.06,0.41,-0.15,-0.90,0.02
55356,0.07,-0.06,0.41,-0.16,-0.90,0.03
55416,0.07,-0.05,0.41,-0.16,-0.88,0.02
55476,0.07,-0.06,0.40,-0.18,-0.84,0.00
55536,0.07,-0.06,0.40,-0.19,-0.77,0.02
55597,0.07,-0.06,0.41,-0.21,-0.68,0.02
55656,0.07,-0.06,0.41,-0.22,-0.61,0.03
55716,0.07,-0.06,0.41,-0.22,-0.52,0.03
55777,0.07,-0.06,0.40,-0.23,-0.46,0.01
55837,0.07,-0.06,0.40,-0.23,-0.39,0.00
55897,0.07,-0.06,0.40,-0.24,-0.32,-0.00
55957,0.07,-0.06,0.40,-0.25,-0.27,-0.01
56017,0.07,-0.06,0.40,-0.25,-0.21,-0.02
56077,0.07,-0.06,0.40,-0.25,-0.15,-0.03
56137,0.07,-0.06,0.40,-0.26,-0.09,-0.03
56197,0.07,-0.06,0.40,-0.26,-0.05,-0.02
56257,0.07,-0.07,0.38,-0.26,-0.04,-0.03
56317,0.07,-0.08,0.38,-0.26,-0.04,-0.04
56378,0.07,-0.08,0.38,-0.26,-0.07,-0.02
56438,0.07,-0.08,0.39,-0.24,-0.17,-0.01
56498,0.08,-0.09,0.39,-0.23,-0.28,-0.01
56557,0.08,-0.09,0.38,-0.22,-0.43,-0.03
56619,0.08,-0.09,0.39,-0.21,-0.54,-0.00
56679,0.07,-0.08,0.40,-0.20,-0.64,0.01
56739,0.07,-0.08,0.40,-0.18,-0.72,0.00
56799,0.07,-0.08,0.40,-0.17,-0.77,0.00
56858,0.07,-0.08,0.40,-0.15,-0.81,-0.01
56920,0.07,-0.08,0.40,-0.14,-0.85,-0.01
56979,0.07,-0.08,0.40,-0.13,-0.89,-0.02
57039,0.08,-0.08,0.41,-0.13,-0.91,-0.01
57100,0.08,-0.08,0.41,-0.14,-0.91,-0.01
57159,0.08,-0.07,0.41,-0.14,-0.90,-0.01
57220,0.08,-0.07,0.40,-0.16,-0.86,-0.02
57280,0.08,-0.07,0.40,-0.18,-0.77,0.01
57341,0.08,-0.07,0.41,-0.19,-0.67,0.00
57402,0.08,-0.07,0.41,-0.21,-0.56,0.02
57462,0.08,-0.07,0.41,-0.22,-0.46,0.01
57523,0.08,-0.08,0.40,-0.23,-0.38,-0.01
57582,0.08,-0.08,0.40,-0.24,-0.31,-0.02
57645,0.07,-0.08,0.40,-0.25,-0.25,-0.03
57706,0.08,-0.08,0.40,-0.25,-0.21,-0.03
57768,0.08,-0.08,0.40,-0.26,-0.16,-0.04
57830,0.08,-0.08,0.40,-0.26,-0.10,-0.03
57891,0.08,-0.08,0.39,-0.26,-0.05,-0.04
57951,0.07,-0.08,0.38,-0.27,-0.04,-0.05
58009,0.07,-0.09,0.38,-0.26,-0.03,-0.05
58072,0.07,-0.09,0.38,-0.26,-0.06,-0.03
58132,0.08,-0.09,0.39,-0.24,-0.12,-0.02
58192,0.08,-0.09,0.39,-0.23,-0.27,-0.03
58254,0.08,-0.09,0.38,-0.21,-0.41,-0.03
58316,0.07,-0.09,0.39,-0.20,-0.52,-0.01
58376,0.07,-0.08,0.39,-0.19,-0.62,0.01
58435,0.07,-0.08,0.40,-0.18,-0.71,-0.00
58497,0.07,-0.08,0.40,-0.16,-0.78,-0.01
58558,0.06,-0.08,0.40,-0.15,-0.83,-0.01
58620,0.07,-0.08,0.40,-0.14,-0.88,-0.02
58682,0.07,-0.08,0.40,-0.13,-0.90,-0.02
58743,0.07,-0.08,0.41,-0.13,-0.91,-0.02
58805,0.08,-0.07,0.41,-0.13,-0.90,-0.01
58867,0.08,-0.06,0.41,-0.15,-0.87,-0.00
58927,0.08,-0.06,0.40,-0.17,-0.80,0.02
58986,0.08,-0.06,0.41,-0.19,-0.71,0.02
59048,0.08,-0.06,0.41,-0.20,-0.62,0.01
59109,0.08,-0.06,0.40,-0.21,-0.52,0.03
59171,0.08,-0.06,0.40,-0.22,-0.44,0.00
59233,0.08,-0.07,0.40,-0.23,-0.36,-0.01
59293,0.08,-0.07,0.40,-0.24,-0.30,-0.02
59354,0.08,-0.07,0.40,-0.24,-0.24,-0.03
59413,0.08,-0.07,0.40,-0.24,-0.20,-0.04
59474,0.08,-0.08,0.40,-0.25,-0.16,-0.04
59536,0.08,-0.08,0.39,-0.25,-0.12,-0.04
59598,0.08,-0.08,0.39,-0.26,-0.07,-0.05
59659,0.07,-0.08,0.39,-0.26,-0.04,-0.05
59721,0.08,-0.09,0.38,-0.26,-0.05,-0.04
59782,0.08,-0.09,0.39,-0.25,-0.08,-0.03
59843,0.08,-0.08,0.39,-0.24,-0.16,-0.03
59902,0.08,-0.09,0.39,-0.23,-0.27,-0.03
59962,0.08,-0.09,0.39,-0.22,-0.37,-0.04
60023,0.08,-0.09,0.39,-0.21,-0.45,-0.03
60084,0.08,-0.09,0.40,-0.20,-0.53,-0.01
60146,0.08,-0.09,0.40,-0.19,-0.61,-0.01
60209,0.08,-0.09,0.39,-0.17,-0.69,-0.02
60270,0.08,-0.09,0.40,-0.16,-0.74,-0.02
60331,0.08,-0.09,0.40,-0.15,-0.79,-0.02
60391,0.08,-0.09,0.40,-0.14,-0.83,-0.03
60451,0.07,-0.09,0.40,-0.13,-0.87,-0.04
60512,0.07,-0.09,0.40,-0.12,-0.90,-0.05
60572,0.08,-0.08,0.40,-0.13,-0.90,-0.03
60632,0.08,-0.08,0.40,-0.13,-0.89,-0.02
60691,0.08,-0.08,0.39,-0.14,-0.85,-0.04
60751,0.08,-0.08,0.39,-0.15,-0.78,-0.03
60812,0.08,-0.09,0.39,-0.17,-0.71,-0.03
60872,0.08,-0.09,0.39,-0.19,-0.64,-0.03
60933,0.08,-0.09,0.39,-0.20,-0.57,-0.01
60992,0.08,-0.09,0.38,-0.21,-0.50,-0.01
61052,0.08,-0.09,0.38,-0.21,-0.42,-0.03
61113,0.08,-0.09,0.38,-0.23,-0.34,-0.04
61173,0.08,-0.10,0.38,-0.23,-0.27,-0.05
61233,0.08,-0.10,0.38,-0.24,-0.19,-0.06
61292,0.08,-0.10,0.38,-0.25,-0.12,-0.07
61352,0.08,-0.11,0.37,-0.26,-0.06,-0.07
61413,0.08,-0.11,0.36,-0.26,-0.02,-0.08
61472,0.07,-0.12,0.36,-0.27,-0.03,-0.08
61533,0.07,-0.12,0.37,-0.26,-0.06,-0.07
61593,0.08,-0.12,0.37,-0.25,-0.14,-0.06
61654,0.08,-0.12,0.37,-0.24,-0.26,-0.06
61713,0.07,-0.12,0.37,-0.21,-0.37,-0.07
61773,0.07,-0.12,0.37,-0.20,-0.46,-0.06
61834,0.07,-0.12,0.38,-0.19,-0.53,-0.04
61894,0.07,-0.11,0.38,-0.18,-0.60,-0.04
61955,0.07,-0.11,0.39,-0.17,-0.65,-0.04
62014,0.07,-0.11,0.39,-0.16,-0.70,-0.05
62074,0.06,-0.11,0.39,-0.14,-0.75,-0.05
62135,0.06,-0.11,0.39,-0.13,-0.80,-0.06
62194,0.06,-0.11,0.39,-0.12,-0.84,-0.07
62255,0.06,-0.11,0.39,-0.10,-0.88,-0.07
62314,0.07,-0.10,0.40,-0.10,-0.90,-0.06
62374,0.07,-0.09,0.41,-0.11,-0.90,-0.05
62435,0.07,-0.09,0.41,-0.12,-0.89,-0.04
62494,0.07,-0.09,0.41,-0.13,-0.85,-0.05
62555,0.07,-0.09,0.40,-0.14,-0.77,-0.03
62615,0.07,-0.09,0.40,-0.16,-0.68,-0.03
62674,0.08,-0.08,0.41,-0.18,-0.58,-0.01
62735,0.08,-0.08,0.41,-0.19,-0.48,-0.01
62795,0.08,-0.09,0.41,-0.20,-0.39,-0.04
62856,0.08,-0.10,0.40,-0.21,-0.31,-0.05
62915,0.08,-0.10,0.41,-0.22,-0.25,-0.05
62974,0.08,-0.10,0.41,-0.23,-0.19,-0.05
63035,0.07,-0.10,0.40,-0.23,-0.16,-0.06
63095,0.07,-0.10,0.40,-0.23,-0.12,-0.06
63156,0.08,-0.10,0.40,-0.24,-0.07,-0.07
63215,0.08,-0.11,0.39,-0.24,-0.03,-0.07
63276,0.07,-0.12,0.39,-0.24,-0.03,-0.08
63336,0.07,-0.12,0.39,-0.24,-0.05,-0.06
63396,0.08,-0.11,0.40,-0.22,-0.12,-0.06
63457,0.08,-0.11,0.40,-0.20,-0.24,-0.05
63516,0.08,-0.11,0.40,-0.18,-0.34,-0.05
63576,0.08,-0.11,0.40,-0.16,-0.44,-0.06
63637,0.08,-0.11,0.40,-0.15,-0.52,-0.04
63696,0.08,-0.11,0.41,-0.13,-0.61,-0.04
63757,0.08,-0.11,0.41,-0.12,-0.67,-0.04
63817,0.08,-0.11,0.41,-0.11,-0.72,-0.05
63877,0.08,-0.11,0.41,-0.09,-0.77,-0.05
63937,0.08,-0.11,0.41,-0.08,-0.81,-0.06
63997,0.08,-0.11,0.41,-0.07,-0.85,-0.07
64059,0.08,-0.11,0.41,-0.06,-0.89,-0.08
64119,0.08,-0.11,0.42,-0.06,-0.91,-0.07
64179,0.08,-0.10,0.42,-0.06,-0.91,-0.06
64238,0.08,-0.09,0.42,-0.08,-0.90,-0.06
64300,0.08,-0.09,0.42,-0.09,-0.84,-0.05
64360,0.08,-0.09,0.42,-0.11,-0.76,-0.04
64422,0.08,-0.09,0.42,-0.15,-0.66,-0.04
64484,0.08,-0.09,0.42,-0.17,-0.55,-0.02
64545,0.08,-0.10,0.42,-0.19,-0.45,-0.04
64608,0.08,-0.11,0.42,-0.20,-0.36,-0.06
64667,0.08,-0.11,0.41,-0.22,-0.28,-0.06
64728,0.08,-0.11,0.41,-0.23,-0.20,-0.06
64789,0.08,-0.11,0.41,-0.23,-0.15,-0.07
64849,0.08,-0.11,0.41,-0.24,-0.10,-0.08
64910,0.08,-0.11,0.41,-0.24,-0.05,-0.09
64971,0.08,-0.13,0.40,-0.24,-0.05,-0.10
65031,0.08,-0.14,0.39,-0.24,-0.05,-0.10
65090,0.08,-0.14,0.39,-0.24,-0.08,-0.09
65152,0.08,-0.14,0.40,-0.22,-0.18,-0.09
65213,0.08,-0.14,0.40,-0.20,-0.31,-0.08
65275,0.08,-0.14,0.39,-0.18,-0.42,-0.10
65336,0.08,-0.14,0.40,-0.16,-0.50,-0.09
65397,0.08,-0.14,0.40,-0.14,-0.57,-0.07
65459,0.09,-0.14,0.40,-0.12,-0.63,-0.08
65518,0.09,-0.14,0.40,-0.11,-0.68,-0.08
65579,0.09,-0.14,0.40,-0.09,-0.72,-0.08
65640,0.09,-0.13,0.41,-0.08,-0.75,-0.09
65700,0.09,-0.13,0.41,-0.07,-0.79,-0.09
65763,0.09,-0.13,0.41,-0.07,-0.84,-0.09
65824,0.09,-0.12,0.41,-0.06,-0.88,-0.09
65884,0.09,-0.11,0.41,-0.08,-0.88,-0.07
65944,0.09,-0.10,0.41,-0.10,-0.85,-0.05
66006,0.09,-0.09,0.41,-0.10,-0.81,-0.04
66067,0.09,-0.09,0.40,-0.12,-0.74,-0.04
66127,0.10,-0.09,0.41,-0.14,-0.65,-0.03
66188,0.10,-0.08,0.41,-0.16,-0.56,-0.02
66249,0.10,-0.08,0.40,-0.17,-0.47,-0.01
66311,0.10,-0.09,0.40,-0.18,-0.40,-0.03
66370,0.10,-0.09,0.40,-0.18,-0.33,-0.04
66429,0.10,-0.09,0.40,-0.19,-0.27,-0.04
66491,0.10,-0.09,0.40,-0.20,-0.22,-0.04
66551,0.10,-0.09,0.40,-0.21,-0.17,-0.04
66614,0.10,-0.09,0.39,-0.21,-0.14,-0.05
66676,0.10,-0.09,0.39,-0.21,-0.09,-0.05
66736,0.10,-0.09,0.39,-0.22,-0.05,-0.06
66796,0.10,-0.09,0.39,-0.22,-0.04,-0.07
66857,0.10,-0.10,0.38,-0.22,-0.04,-0.06
66918,0.10,-0.10,0.39,-0.22,-0.08,-0.05
66978,0.10,-0.10,0.40,-0.19,-0.17,-0.05
67039,0.11,-0.10,0.39,-0.18,-0.30,-0.04
67098,0.11,-0.10,0.39,-0.16,-0.41,-0.06
67160,0.11,-0.10,0.39,-0.15,-0.50,-0.03
67220,0.10,-0.10,0.40,-0.14,-0.59,-0.02
67280,0.10,-0.10,0.39,-0.12,-0.65,-0.03
67340,0.10,-0.10,0.39,-0.11,-0.71,-0.03
67399,0.10,-0.10,0.39,-0.09,-0.74,-0.03
67461,0.10,-0.10,0.40,-0.09,-0.78,-0.04
67520,0.10,-0.09,0.40,-0.08,-0.81,-0.04
67580,0.10,-0.09,0.40,-0.07,-0.84,-0.04
67640,0.09,-0.10,0.39,-0.07,-0.86,-0.06
67700,0.09,-0.10,0.39,-0.07,-0.87,-0.05
67761,0.09,-0.10,0.39,-0.07,-0.87,-0.06
67820,0.08,-0.10,0.38,-0.08,-0.84,-0.06
67880,0.09,-0.09,0.38,-0.10,-0.77,-0.04
67940,0.09,-0.09,0.39,-0.12,-0.66,-0.03
68000,0.09,-0.09,0.39,-0.14,-0.55,-0.03
68061,0.09,-0.09,0.38,-0.15,-0.46,-0.02
68121,0.09,-0.10,0.38,-0.17,-0.39,-0.04
68182,0.09,-0.11,0.37,-0.17,-0.34,-0.05
68241,0.09,-0.12,0.36,-0.18,-0.31,-0.07
68300,0.09,-0.12,0.36,-0.18,-0.27,-0.07
68361,0.09,-0.12,0.36,-0.19,-0.24,-0.07
68421,0.09,-0.12,0.36,-0.19,-0.19,-0.08
68482,0.09,-0.12,0.36,-0.20,-0.14,-0.08
68541,0.09,-0.12,0.36,-0.21,-0.10,-0.08
68601,0.09,-0.12,0.36,-0.21,-0.09,-0.08
68662,0.09,-0.13,0.36,-0.21,-0.11,-0.07
68722,0.09,-0.13,0.37,-0.20,-0.17,-0.07
68782,0.09,-0.13,0.37,-0.19,-0.27,-0.07
68842,0.09,-0.13,0.36,-0.16,-0.39,-0.07
68902,0.09,-0.13,0.37,-0.14,-0.50,-0.07
68962,0.09,-0.12,0.37,-0.13,-0.59,-0.05
69022,0.09,-0.12,0.38,-0.11,-0.66,-0.06
69083,0.08,-0.12,0.38,-0.10,-0.72,-0.06
69143,0.08,-0.12,0.38,-0.09,-0.78,-0.07
69202,0.08,-0.12,0.38,-0.07,-0.83,-0.08
69263,0.08,-0.12,0.38,-0.06,-0.86,-0.09
69323,0.08,-0.11,0.39,-0.06,-0.88,-0.08
69384,0.09,-0.10,0.40,-0.07,-0.88,-0.06
69443,0.09,-0.10,0.40,-0.08,-0.88,-0.06
69504,0.09,-0.09,0.39,-0.09,-0.85,-0.05
69563,0.10,-0.08,0.39,-0.11,-0.78,-0.02
69623,0.10,-0.08,0.40,-0.13,-0.69,-0.01
69684,0.10,-0.07,0.40,-0.16,-0.58,-0.00
69743,0.10,-0.07,0.40,-0.17,-0.48,0.01
69804,0.10,-0.07,0.39,-0.18,-0.39,-0.02
69864,0.10,-0.07,0.39,-0.20,-0.30,-0.02
69924,0.10,-0.07,0.39,-0.21,-0.23,-0.02
69984,0.10,-0.07,0.39,-0.22,-0.17,-0.03
70043,0.10,-0.07,0.39,-0.22,-0.12,-0.03
70104,0.10,-0.07,0.39,-0.22,-0.07,-0.04
70164,0.10,-0.07,0.38,-0.23,-0.04,-0.04
70224,0.09,-0.08,0.38,-0.23,-0.04,-0.04
70284,0.09,-0.08,0.38,-0.23,-0.06,-0.03
70343,0.10,-0.08,0.39,-0.22,-0.12,-0.03
70405,0.10,-0.08,0.39,-0.20,-0.27,-0.03
70465,0.10,-0.08,0.39,-0.19,-0.41,-0.04
70524,0.10,-0.08,0.39,-0.17,-0.51,-0.03
70585,0.10,-0.08,0.40,-0.16,-0.60,0.00
70644,0.09,-0.08,0.40,-0.15,-0.68,-0.01
70705,0.09,-0.08,0.40,-0.14,-0.75,-0.02
70765,0.09,-0.08,0.40,-0.13,-0.80,-0.02
70825,0.09,-0.08,0.40,-0.12,-0.84,-0.03
70885,0.10,-0.08,0.40,-0.11,-0.86,-0.03
70945,0.09,-0.08,0.40,-0.10,-0.89,-0.03
71006,0.10,-0.08,0.40,-0.10,-0.91,-0.03
71066,0.10,-0.08,0.40,-0.10,-0.91,-0.03
71127,0.10,-0.07,0.39,-0.10,-0.89,-0.03
71186,0.10,-0.07,0.39,-0.11,-0.86,-0.03
71245,0.10,-0.07,0.39,-0.13,-0.79,-0.02
71307,0.10,-0.07,0.39,-0.15,-0.69,-0.01
71367,0.11,-0.07,0.39,-0.17,-0.57,-0.00
71428,0.11,-0.07,0.39,-0.19,-0.46,-0.01
71487,0.11,-0.08,0.38,-0.20,-0.37,-0.04
71547,0.11,-0.08,0.38,-0.21,-0.29,-0.03
71608,0.11,-0.08,0.38,-0.22,-0.20,-0.03
71667,0.11,-0.08,0.38,-0.23,-0.14,-0.03
71729,0.10,-0.08,0.38,-0.23,-0.10,-0.04
71788,0.10,-0.08,0.37,-0.23,-0.07,-0.05
71847,0.10,-0.09,0.37,-0.24,-0.03,-0.06
71908,0.10,-0.09,0.36,-0.24,-0.03,-0.06
71968,0.10,-0.10,0.36,-0.24,-0.04,-0.06
72030,0.10,-0.10,0.36,-0.24,-0.07,-0.05
72089,0.10,-0.09,0.37,-0.22,-0.15,-0.04
72148,0.10,-0.10,0.37,-0.21,-0.24,-0.04
72210,0.10,-0.10,0.36,-0.20,-0.36,-0.05
72270,0.10,-0.10,0.37,-0.19,-0.45,-0.05
72333,0.10,-0.09,0.37,-0.18,-0.53,-0.03
72392,0.10,-0.09,0.38,-0.16,-0.60,-0.02
72452,0.10,-0.09,0.38,-0.15,-0.65,-0.02
72513,0.10,-0.08,0.39,-0.14,-0.70,-0.02
72576,0.11,-0.08,0.39,-0.13,-0.74,-0.02
72637,0.11,-0.09,0.39,-0.11,-0.77,-0.03
72696,0.11,-0.09,0.39,-0.11,-0.80,-0.03
72758,0.11,-0.08,0.39,-0.11,-0.82,-0.03
72818,0.10,-0.09,0.39,-0.11,-0.82,-0.04
72881,0.10,-0.09,0.39,-0.10,-0.83,-0.04
72940,0.10,-0.09,0.39,-0.10,-0.87,-0.05
72999,0.10,-0.08,0.40,-0.09,-0.89,-0.04
73061,0.11,-0.07,0.40,-0.10,-0.88,-0.04
73123,0.11,-0.06,0.40,-0.12,-0.84,-0.02
73185,0.11,-0.07,0.39,-0.13,-0.76,-0.01
73245,0.11,-0.07,0.40,-0.15,-0.66,-0.01
73306,0.11,-0.07,0.40,-0.17,-0.54,-0.00
73368,0.11,-0.07,0.39,-0.18,-0.43,-0.01
73430,0.11,-0.08,0.39,-0.19,-0.34,-0.02
73489,0.11,-0.09,0.38,-0.20,-0.27,-0.04
73548,0.10,-0.09,0.38,-0.21,-0.22,-0.04
73608,0.11,-0.09,0.38,-0.21,-0.18,-0.05
73669,0.11,-0.09,0.38,-0.21,-0.14,-0.05
73730,0.11,-0.09,0.38,-0.21,-0.11,-0.06
73789,0.11,-0.09,0.38,-0.21,-0.08,-0.06
73848,0.11,-0.09,0.38,-0.22,-0.06,-0.06
73910,0.10,-0.09,0.38,-0.22,-0.03,-0.06
73970,0.10,-0.09,0.38,-0.22,-0.03,-0.07
74031,0.10,-0.09,0.38,-0.22,-0.03,-0.06
74090,0.11,-0.09,0.38,-0.21,-0.04,-0.05
74149,0.11,-0.09,0.38,-0.21,-0.09,-0.04
74210,0.11,-0.09,0.39,-0.19,-0.18,-0.05
74270,0.11,-0.09,0.38,-0.18,-0.27,-0.04
74333,0.10,-0.09,0.39,-0.17,-0.37,-0.05
74392,0.10,-0.09,0.39,-0.16,-0.47,-0.04
74451,0.10,-0.09,0.39,-0.15,-0.58,-0.02
74513,0.10,-0.08,0.39,-0.14,-0.67,-0.02
74575,0.10,-0.08,0.40,-0.12,-0.74,-0.02
74637,0.10,-0.08,0.40,-0.10,-0.81,-0.02
74697,0.10,-0.08,0.40,-0.09,-0.86,-0.03
74759,0.10,-0.08,0.40,-0.08,-0.89,-0.04
74819,0.10,-0.07,0.41,-0.08,-0.90,-0.03
74880,0.10,-0.07,0.41,-0.08,-0.90,-0.03
74940,0.10,-0.07,0.41,-0.09,-0.89,-0.03
74999,0.10,-0.07,0.41,-0.10,-0.84,-0.03
75060,0.10,-0.07,0.40,-0.12,-0.74,-0.02
75119,0.10,-0.07,0.41,-0.14,-0.61,-0.02
75180,0.10,-0.08,0.41,-0.16,-0.49,-0.01
75240,0.10,-0.08,0.40,-0.17,-0.40,-0.03
75299,0.10,-0.09,0.40,-0.18,-0.33,-0.04
75360,0.10,-0.09,0.39,-0.19,-0.28,-0.05
75420,0.10,-0.10,0.39,-0.20,-0.24,-0.05
75480,0.10,-0.10,0.39,-0.21,-0.20,-0.06
75540,0.10,-0.10,0.39,-0.21,-0.16,-0.06
75599,0.10,-0.10,0.39,-0.21,-0.11,-0.06
75660,0.10,-0.10,0.39,-0.22,-0.06,-0.07
75720,0.09,-0.10,0.38,-0.23,-0.05,-0.08
75781,0.09,-0.11,0.38,-0.23,-0.04,-0.08
75841,0.09,-0.12,0.37,-0.23,-0.05,-0.08
75900,0.09,-0.11,0.38,-0.23,-0.09,-0.06
75961,0.09,-0.11,0.38,-0.21,-0.18,-0.07
76021,0.09,-0.11,0.39,-0.20,-0.30,-0.06
76081,0.09,-0.11,0.39,-0.19,-0.43,-0.07
76141,0.08,-0.11,0.39,-0.17,-0.54,-0.05
76201,0.09,-0.11,0.39,-0.16,-0.61,-0.04
76262,0.09,-0.10,0.40,-0.15,-0.68,-0.04
76321,0.09,-0.10,0.40,-0.13,-0.74,-0.04
76382,0.09,-0.10,0.41,-0.12,-0.79,-0.05
76442,0.09,-0.10,0.41,-0.10,-0.85,-0.06
76502,0.09,-0.10,0.41,-0.08,-0.89,-0.07
76562,0.09,-0.10,0.42,-0.07,-0.93,-0.07
76622,0.10,-0.09,0.43,-0.07,-0.94,-0.05
76682,0.11,-0.08,0.43,-0.08,-0.94,-0.05
76743,0.11,-0.08,0.43,-0.08,-0.92,-0.06
76803,0.11,-0.08,0.43,-0.10,-0.87,-0.05
76862,0.12,-0.07,0.43,-0.13,-0.78,-0.01
76922,0.13,-0.06,0.43,-0.15,-0.66,0.01
76983,0.13,-0.06,0.43,-0.17,-0.54,0.02
77043,0.12,-0.07,0.43,-0.18,-0.44,-0.01
77103,0.12,-0.08,0.43,-0.19,-0.35,-0.02
77162,0.12,-0.08,0.42,-0.20,-0.28,-0.03
77222,0.12,-0.08,0.42,-0.21,-0.19,-0.04
77283,0.12,-0.08,0.42,-0.21,-0.14,-0.04
77343,0.12,-0.08,0.42,-0.21,-0.09,-0.05
77403,0.12,-0.09,0.41,-0.21,-0.06,-0.06
77463,0.12,-0.10,0.40,-0.22,-0.05,-0.07
77523,0.11,-0.11,0.39,-0.22,-0.05,-0.08
77583,0.11,-0.11,0.40,-0.22,-0.07,-0.05
77643,0.11,-0.10,0.41,-0.21,-0.14,-0.06
77704,0.11,-0.11,0.40,-0.20,-0.23,-0.05
77763,0.11,-0.11,0.40,-0.18,-0.35,-0.05
77824,0.11,-0.11,0.40,-0.16,-0.44,-0.06
77884,0.11,-0.11,0.41,-0.16,-0.52,-0.04
77944,0.11,-0.11,0.41,-0.14,-0.58,-0.04
78005,0.11,-0.11,0.40,-0.13,-0.63,-0.04
78064,0.11,-0.11,0.40,-0.12,-0.67,-0.05
78125,0.11,-0.11,0.40,-0.11,-0.70,-0.05
78185,0.11,-0.11,0.40,-0.10,-0.75,-0.06
78245,0.10,-0.12,0.40,-0.08,-0.79,-0.07
78305,0.10,-0.12,0.40,-0.07,-0.81,-0.08
78364,0.10,-0.12,0.40,-0.07,-0.79,-0.08
78426,0.10,-0.11,0.40,-0.10,-0.73,-0.07
78485,0.10,-0.11,0.40,-0.12,-0.64,-0.05
78546,0.10,-0.10,0.41,-0.15,-0.51,-0.03
78606,0.10,-0.10,0.41,-0.17,-0.34,-0.05
78665,0.09,-0.12,0.40,-0.19,-0.27,-0.07
78726,0.08,-0.12,0.39,-0.20,-0.23,-0.07
78786,0.08,-0.12,0.40,-0.22,-0.17,-0.06
78846,0.07,-0.12,0.40,-0.23,-0.12,-0.07
78906,0.07,-0.12,0.40,-0.23,-0.12,-0.07
78966,0.07,-0.12,0.40,-0.23,-0.12,-0.07
79027,0.07,-0.13,0.40,-0.22,-0.12,-0.07
79088,0.07,-0.13,0.40,-0.21,-0.20,-0.06
79148,0.07,-0.13,0.41,-0.18,-0.34,-0.08
79208,0.07,-0.14,0.41,-0.17,-0.44,-0.08
79268,0.07,-0.13,0.42,-0.16,-0.48,-0.08
79330,0.08,-0.13,0.43,-0.16,-0.47,-0.08
79393,0.08,-0.13,0.43,-0.16,-0.41,-0.08
79453,0.09,-0.15,0.42,-0.15,-0.39,-0.10
79513,0.09,-0.16,0.42,-0.14,-0.39,-0.10
79576,0.09,-0.16,0.43,-0.16,-0.42,-0.08
79637,0.08,-0.15,0.43,-0.18,-0.45,-0.05
79698,0.07,-0.14,0.43,-0.22,-0.50,-0.04
79758,0.08,-0.12,0.42,-0.29,-0.55,-0.00
79819,0.08,-0.10,0.42,-0.37,-0.59,0.05
79880,0.09,-0.08,0.42,-0.45,-0.60,0.12
79942,0.08,-0.07,0.42,-0.51,-0.60,0.15
80002,0.07,-0.06,0.42,-0.57,-0.60,0.19
80062,0.07,-0.05,0.41,-0.63,-0.60,0.23
80123,0.07,-0.04,0.41,-0.68,-0.60,0.27
80186,0.06,-0.03,0.41,-0.68,-0.59,0.27
80247,0.05,-0.03,0.41,-0.69,-0.59,0.27
80308,0.05,-0.04,0.41,-0.68,-0.59,0.27
80367,0.05,-0.04,0.40,-0.60,-0.60,0.23
80428,0.04,-0.03,0.40,-0.45,-0.59,0.18
80489,0.03,-0.02,0.41,-0.30,-0.55,0.10
80550,0.04,-0.03,0.41,-0.27,-0.55,0.06
80610,0.05,-0.04,0.41,-0.25,-0.55,0.06
80671,0.06,-0.04,0.41,-0.22,-0.54,0.05
80734,0.07,-0.04,0.41,-0.17,-0.54,0.00
80795,0.07,-0.04,0.41,-0.12,-0.53,-0.03
80855,0.07,-0.03,0.41,-0.06,-0.52,-0.05
80915,0.08,-0.02,0.42,0.02,-0.49,-0.08
80976,0.09,-0.02,0.42,0.09,-0.45,-0.11
81038,0.10,-0.01,0.42,0.14,-0.43,-0.13
81099,0.11,-0.02,0.42,0.17,-0.41,-0.14
81159,0.12,-0.02,0.41,0.19,-0.40,-0.14
81218,0.13,-0.03,0.41,0.20,-0.39,-0.15
81278,0.13,-0.04,0.41,0.20,-0.39,-0.14
81340,0.13,-0.04,0.41,0.17,-0.41,-0.13
81400,0.15,-0.06,0.41,0.07,-0.46,-0.09
81460,0.16,-0.09,0.40,-0.07,-0.53,-0.04
81521,0.15,-0.11,0.40,-0.11,-0.55,-0.04
81583,0.15,-0.12,0.39,-0.11,-0.54,-0.06
81646,0.14,-0.12,0.38,-0.14,-0.56,-0.04
81707,0.14,-0.11,0.37,-0.19,-0.58,-0.02
81766,0.14,-0.11,0.36,-0.26,-0.61,0.01
81827,0.15,-0.11,0.36,-0.34,-0.63,0.05
81888,0.14,-0.11,0.35,-0.39,-0.64,0.08
81948,0.13,-0.10,0.35,-0.44,-0.64,0.11
82009,0.13,-0.09,0.35,-0.50,-0.64,0.15
82068,0.13,-0.09,0.34,-0.56,-0.64,0.18
82128,0.13,-0.08,0.34,-0.59,-0.62,0.20
82189,0.13,-0.09,0.34,-0.58,-0.62,0.18
82249,0.12,-0.10,0.33,-0.57,-0.62,0.15
82309,0.11,-0.12,0.33,-0.50,-0.61,0.10
82369,0.09,-0.12,0.33,-0.38,-0.59,0.05
82428,0.08,-0.11,0.33,-0.26,-0.57,-0.01
82489,0.07,-0.12,0.33,-0.20,-0.57,-0.05
82549,0.08,-0.12,0.33,-0.18,-0.57,-0.07
82609,0.09,-0.14,0.33,-0.14,-0.56,-0.09
82669,0.10,-0.15,0.33,-0.09,-0.54,-0.13
82729,0.09,-0.16,0.33,-0.04,-0.53,-0.16
82789,0.10,-0.16,0.33,0.03,-0.50,-0.19
82849,0.10,-0.15,0.34,0.10,-0.44,-0.23
82910,0.12,-0.13,0.35,0.16,-0.36,-0.25
82969,0.13,-0.11,0.36,0.17,-0.29,-0.26
83030,0.14,-0.10,0.38,0.16,-0.21,-0.23
83090,0.15,-0.09,0.38,0.14,-0.17,-0.22
83150,0.16,-0.10,0.38,0.11,-0.18,-0.21
83210,0.17,-0.11,0.38,0.04,-0.21,-0.19
83270,0.18,-0.13,0.38,-0.07,-0.25,-0.18
83331,0.17,-0.15,0.40,-0.16,-0.27,-0.09
83391,0.16,-0.15,0.41,-0.19,-0.27,-0.10
83450,0.15,-0.14,0.42,-0.24,-0.28,-0.06
83511,0.16,-0.13,0.41,-0.32,-0.32,-0.02
83571,0.17,-0.14,0.41,-0.39,-0.35,-0.02
83631,0.16,-0.13,0.41,-0.44,-0.37,0.00
83691,0.15,-0.14,0.41,-0.46,-0.39,0.01
83751,0.13,-0.13,0.40,-0.49,-0.42,0.02
83812,0.12,-0.13,0.39,-0.53,-0.47,0.04
83871,0.12,-0.12,0.37,-0.58,-0.52,0.08
83932,0.11,-0.12,0.36,-0.61,-0.55,0.10
83992,0.10,-0.11,0.35,-0.62,-0.54,0.11
84052,0.09,-0.11,0.35,-0.62,-0.54,0.10
84112,0.09,-0.12,0.35,-0.56,-0.54,0.08
84172,0.07,-0.11,0.35,-0.44,-0.52,0.05
84232,0.06,-0.10,0.34,-0.32,-0.50,0.01
84292,0.07,-0.08,0.34,-0.24,-0.49,-0.02
84353,0.08,-0.09,0.35,-0.20,-0.48,-0.04
84412,0.10,-0.09,0.35,-0.15,-0.46,-0.07
84472,0.11,-0.10,0.35,-0.10,-0.43,-0.12
84532,0.12,-0.10,0.36,-0.05,-0.40,-0.15
84592,0.12,-0.09,0.37,0.03,-0.37,-0.17
84653,0.11,-0.09,0.37,0.11,-0.36,-0.18
84713,0.11,-0.09,0.37,0.16,-0.38,-0.21
84772,0.12,-0.10,0.36,0.17,-0.40,-0.20
84833,0.12,-0.11,0.36,0.17,-0.41,-0.20
84893,0.12,-0.13,0.36,0.11,-0.45,-0.17
84954,0.13,-0.16,0.34,0.01,-0.52,-0.14
85013,0.12,-0.19,0.33,-0.08,-0.58,-0.14
85073,0.11,-0.17,0.34,-0.09,-0.55,-0.15
85133,0.11,-0.17,0.34,-0.11,-0.53,-0.12
85193,0.10,-0.17,0.34,-0.16,-0.51,-0.12
85254,0.10,-0.15,0.34,-0.23,-0.49,-0.07
85314,0.10,-0.14,0.35,-0.32,-0.49,-0.04
85373,0.08,-0.14,0.35,-0.39,-0.52,-0.01
85434,0.07,-0.14,0.35,-0.48,-0.55,0.04
85494,0.06,-0.13,0.35,-0.55,-0.56,0.07
85555,0.06,-0.13,0.35,-0.61,-0.55,0.10
85615,0.06,-0.13,0.35,-0.66,-0.54,0.12
85675,0.05,-0.12,0.35,-0.68,-0.53,0.13
85734,0.03,-0.11,0.35,-0.70,-0.53,0.14
85795,0.03,-0.11,0.35,-0.70,-0.52,0.14
85856,0.02,-0.12,0.35,-0.62,-0.51,0.10
85916,-0.00,-0.13,0.35,-0.47,-0.47,0.04
85976,-0.02,-0.11,0.36,-0.35,-0.42,-0.01
86035,-0.01,-0.10,0.36,-0.29,-0.41,-0.07
86095,0.01,-0.10,0.36,-0.27,-0.42,-0.07
86156,0.02,-0.10,0.36,-0.23,-0.42,-0.08
86216,0.02,-0.11,0.36,-0.14,-0.41,-0.12
86277,0.01,-0.11,0.35,-0.03,-0.41,-0.17
86336,-0.01,-0.12,0.35,0.05,-0.42,-0.20
86397,0.00,-0.13,0.35,0.09,-0.44,-0.21
86457,0.02,-0.14,0.34,0.11,-0.43,-0.22
86517,0.03,-0.15,0.34,0.12,-0.41,-0.23
86578,0.03,-0.17,0.33,0.12,-0.41,-0.25
86638,0.04,-0.18,0.33,0.08,-0.43,-0.24
86700,0.05,-0.19,0.33,-0.02,-0.47,-0.20
86759,0.06,-0.20,0.33,-0.13,-0.52,-0.17
86819,0.04,-0.20,0.34,-0.18,-0.52,-0.17
86881,0.03,-0.20,0.34,-0.21,-0.53,-0.14
86944,0.02,-0.19,0.34,-0.25,-0.54,-0.12
87007,0.02,-0.17,0.35,-0.29,-0.55,-0.09
87068,0.02,-0.16,0.34,-0.35,-0.56,-0.06
87129,0.02,-0.15,0.34,-0.43,-0.57,-0.03
87189,0.03,-0.15,0.34,-0.53,-0.57,0.02
87251,0.03,-0.14,0.34,-0.62,-0.58,0.07
87311,0.03,-0.14,0.34,-0.69,-0.57,0.12
87371,0.02,-0.13,0.35,-0.73,-0.57,0.14
87434,0.01,-0.13,0.34,-0.73,-0.57,0.15
87496,0.02,-0.13,0.34,-0.72,-0.57,0.13
87558,0.02,-0.13,0.34,-0.68,-0.56,0.11
87619,0.02,-0.14,0.34,-0.58,-0.54,0.07
87681,0.00,-0.14,0.34,-0.41,-0.49,-0.02
87741,0.00,-0.14,0.34,-0.30,-0.45,-0.07
87803,0.02,-0.14,0.34,-0.27,-0.43,-0.10
87864,0.04,-0.14,0.34,-0.23,-0.41,-0.13
87923,0.05,-0.15,0.34,-0.17,-0.38,-0.17
87985,0.06,-0.15,0.34,-0.10,-0.33,-0.21
88046,0.07,-0.15,0.34,-0.02,-0.28,-0.24
88109,0.07,-0.15,0.34,0.05,-0.23,-0.25
88169,0.08,-0.15,0.34,0.09,-0.21,-0.28
88228,0.09,-0.16,0.33,0.10,-0.20,-0.27
88288,0.10,-0.17,0.33,0.11,-0.20,-0.27
88349,0.10,-0.17,0.34,0.10,-0.23,-0.25
88410,0.10,-0.18,0.33,0.05,-0.28,-0.23
88471,0.12,-0.20,0.33,-0.05,-0.37,-0.20
88532,0.12,-0.22,0.34,-0.13,-0.40,-0.19
88594,0.11,-0.21,0.35,-0.17,-0.39,-0.18
88655,0.09,-0.21,0.35,-0.21,-0.40,-0.17
88716,0.10,-0.20,0.35,-0.27,-0.40,-0.14
88776,0.10,-0.20,0.35,-0.35,-0.40,-0.12
88837,0.11,-0.20,0.36,-0.42,-0.40,-0.09
88898,0.10,-0.20,0.36,-0.47,-0.41,-0.07
88960,0.10,-0.20,0.36,-0.52,-0.43,-0.05
89020,0.09,-0.21,0.36,-0.55,-0.44,-0.04
89080,0.09,-0.21,0.36,-0.57,-0.44,-0.04
89140,0.08,-0.21,0.35,-0.57,-0.44,-0.04
89201,0.07,-0.20,0.35,-0.60,-0.46,-0.03
89262,0.06,-0.20,0.36,-0.61,-0.46,-0.02
89323,0.06,-0.20,0.35,-0.58,-0.46,-0.04
89385,0.05,-0.21,0.34,-0.49,-0.46,-0.08
89447,0.04,-0.20,0.33,-0.35,-0.43,-0.12
89507,0.02,-0.19,0.33,-0.24,-0.41,-0.15
89568,0.03,-0.18,0.32,-0.19,-0.41,-0.17
89627,0.05,-0.18,0.32,-0.16,-0.40,-0.17
89689,0.07,-0.18,0.32,-0.13,-0.38,-0.19
89749,0.08,-0.18,0.32,-0.07,-0.35,-0.23
89809,0.07,-0.19,0.33,-0.01,-0.32,-0.25
89869,0.07,-0.18,0.33,0.05,-0.29,-0.26
89928,0.06,-0.18,0.32,0.11,-0.26,-0.27
89989,0.07,-0.18,0.32,0.13,-0.25,-0.28
90049,0.08,-0.19,0.31,0.14,-0.24,-0.28
90109,0.08,-0.20,0.31,0.14,-0.24,-0.28
90169,0.08,-0.22,0.31,0.12,-0.26,-0.28
90229,0.09,-0.23,0.30,0.07,-0.31,-0.26
90290,0.10,-0.26,0.29,-0.03,-0.39,-0.24
90350,0.09,-0.28,0.29,-0.10,-0.43,-0.27
90411,0.08,-0.28,0.28,-0.11,-0.42,-0.27
90470,0.07,-0.28,0.28,-0.15,-0.44,-0.24
90530,0.06,-0.27,0.28,-0.21,-0.46,-0.24
90591,0.06,-0.26,0.29,-0.28,-0.45,-0.20
90651,0.05,-0.26,0.29,-0.36,-0.45,-0.18
90711,0.05,-0.26,0.29,-0.43,-0.46,-0.16
90771,0.04,-0.26,0.29,-0.49,-0.47,-0.14
90831,0.03,-0.26,0.29,-0.55,-0.48,-0.12
90891,0.02,-0.25,0.30,-0.59,-0.48,-0.10
90951,0.02,-0.25,0.30,-0.64,-0.48,-0.08
91012,0.01,-0.25,0.30,-0.66,-0.48,-0.07
91072,0.01,-0.24,0.30,-0.67,-0.48,-0.06
91131,0.00,-0.24,0.29,-0.65,-0.48,-0.08
91192,-0.00,-0.25,0.29,-0.58,-0.46,-0.11
91252,-0.02,-0.25,0.28,-0.47,-0.43,-0.14
91313,-0.03,-0.23,0.28,-0.35,-0.41,-0.18
91372,-0.04,-0.23,0.27,-0.27,-0.41,-0.22
91432,-0.03,-0.24,0.26,-0.22,-0.41,-0.23
91492,-0.01,-0.25,0.26,-0.19,-0.41,-0.24
91552,0.00,-0.26,0.25,-0.14,-0.39,-0.26
91613,0.00,-0.26,0.26,-0.08,-0.35,-0.30
91672,-0.00,-0.26,0.26,-0.00,-0.29,-0.32
91732,-0.01,-0.26,0.26,0.06,-0.24,-0.34
91792,0.01,-0.26,0.25,0.08,-0.22,-0.34
91852,0.02,-0.27,0.24,0.09,-0.21,-0.34
91913,0.03,-0.28,0.23,0.09,-0.19,-0.35
91973,0.03,-0.29,0.23,0.09,-0.19,-0.35
92033,0.04,-0.30,0.23,0.06,-0.22,-0.35
92093,0.05,-0.32,0.23,-0.00,-0.27,-0.34
92152,0.06,-0.35,0.22,-0.10,-0.35,-0.33
92213,0.05,-0.35,0.22,-0.15,-0.38,-0.34
92273,0.04,-0.35,0.23,-0.16,-0.39,-0.34
92334,0.03,-0.35,0.22,-0.18,-0.41,-0.33
92393,0.02,-0.34,0.23,-0.22,-0.42,-0.32
92453,0.03,-0.33,0.23,-0.30,-0.43,-0.29
92514,0.03,-0.33,0.24,-0.40,-0.43,-0.26
92574,0.02,-0.32,0.24,-0.48,-0.44,-0.24
92635,0.02,-0.32,0.24,-0.56,-0.44,-0.21
92694,0.02,-0.32,0.24,-0.62,-0.45,-0.19
92754,0.00,-0.32,0.25,-0.66,-0.46,-0.17
92815,-0.01,-0.31,0.25,-0.68,-0.46,-0.16
92875,-0.02,-0.31,0.25,-0.68,-0.46,-0.15
92936,-0.01,-0.31,0.25,-0.65,-0.45,-0.17
92995,-0.02,-0.31,0.24,-0.59,-0.43,-0.19
93054,-0.03,-0.29,0.24,-0.48,-0.38,-0.21
93115,-0.05,-0.27,0.24,-0.36,-0.34,-0.22
93175,-0.04,-0.24,0.24,-0.30,-0.33,-0.23
93236,-0.03,-0.24,0.24,-0.28,-0.33,-0.23
93296,-0.00,-0.24,0.24,-0.26,-0.31,-0.24
93356,0.01,-0.23,0.24,-0.20,-0.28,-0.26
93416,0.01,-0.21,0.25,-0.13,-0.22,-0.27
93476,0.01,-0.19,0.26,-0.05,-0.16,-0.26
93537,0.02,-0.17,0.26,0.01,-0.12,-0.27
93597,0.04,-0.16,0.26,0.03,-0.11,-0.28
93658,0.05,-0.17,0.26,0.03,-0.11,-0.27
93717,0.06,-0.17,0.27,0.02,-0.14,-0.24
93777,0.06,-0.17,0.27,-0.05,-0.20,-0.22
93838,0.08,-0.18,0.27,-0.16,-0.27,-0.20
93899,0.07,-0.18,0.29,-0.24,-0.31,-0.16
93961,0.05,-0.17,0.30,-0.28,-0.33,-0.14
94021,0.03,-0.15,0.31,-0.31,-0.35,-0.11
94081,0.02,-0.13,0.32,-0.35,-0.38,-0.08
94142,0.02,-0.12,0.32,-0.41,-0.41,-0.06
94203,0.02,-0.11,0.31,-0.48,-0.42,-0.03
94266,0.02,-0.11,0.32,-0.54,-0.42,-0.02
94327,0.02,-0.10,0.32,-0.61,-0.43,0.01
94389,0.02,-0.10,0.31,-0.67,-0.45,0.03
94449,0.01,-0.09,0.31,-0.73,-0.46,0.06
94511,0.01,-0.09,0.31,-0.74,-0.46,0.07
94571,0.00,-0.08,0.31,-0.75,-0.46,0.08
94630,-0.00,-0.08,0.31,-0.74,-0.46,0.08
94693,-0.00,-0.08,0.31,-0.69,-0.46,0.07
94754,-0.01,-0.08,0.30,-0.58,-0.45,0.04
94817,-0.03,-0.07,0.30,-0.45,-0.42,0.01
94878,-0.03,-0.06,0.30,-0.36,-0.40,-0.00
94940,-0.01,-0.06,0.30,-0.32,-0.40,-0.04
95001,0.00,-0.07,0.30,-0.28,-0.38,-0.05
95064,0.02,-0.08,0.29,-0.23,-0.35,-0.09
95124,0.03,-0.09,0.30,-0.15,-0.31,-0.14
95183,0.03,-0.08,0.30,-0.06,-0.27,-0.16
95245,0.03,-0.08,0.30,0.02,-0.24,-0.17
95305,0.05,-0.08,0.29,0.05,-0.22,-0.21
95368,0.05,-0.09,0.29,0.05,-0.21,-0.19
95428,0.06,-0.09,0.29,0.06,-0.21,-0.20
95490,0.05,-0.10,0.29,0.05,-0.22,-0.18
95549,0.06,-0.12,0.29,0.00,-0.26,-0.18
95608,0.08,-0.14,0.28,-0.11,-0.31,-0.15
95669,0.07,-0.17,0.28,-0.22,-0.37,-0.14
95730,0.05,-0.18,0.27,-0.25,-0.37,-0.16
95793,0.03,-0.19,0.28,-0.26,-0.38,-0.16
95855,0.01,-0.19,0.28,-0.29,-0.40,-0.16
95917,0.01,-0.18,0.28,-0.35,-0.42,-0.14
95976,0.02,-0.18,0.28,-0.43,-0.43,-0.11
96035,0.02,-0.17,0.28,-0.52,-0.44,-0.08
96097,0.01,-0.17,0.28,-0.61,-0.44,-0.05
96157,-0.00,-0.17,0.29,-0.68,-0.45,-0.03
96219,-0.01,-0.16,0.29,-0.72,-0.46,-0.01
96279,-0.02,-0.15,0.29,-0.74,-0.47,0.00
96340,-0.03,-0.14,0.29,-0.76,-0.47,0.02
96400,-0.04,-0.13,0.30,-0.77,-0.47,0.04
96459,-0.03,-0.12,0.29,-0.75,-0.46,0.04
96520,-0.03,-0.13,0.29,-0.70,-0.47,0.02
96580,-0.03,-0.13,0.28,-0.58,-0.47,-0.02
96642,-0.05,-0.13,0.27,-0.41,-0.45,-0.08
96702,-0.06,-0.14,0.26,-0.30,-0.45,-0.13
96763,-0.06,-0.16,0.24,-0.26,-0.50,-0.13
96825,-0.05,-0.19,0.23,-0.22,-0.53,-0.18
96885,-0.04,-0.21,0.21,-0.16,-0.53,-0.20
96948,-0.04,-0.21,0.20,-0.08,-0.51,-0.23
97008,-0.04,-0.22,0.20,-0.03,-0.48,-0.27
97069,-0.03,-0.22,0.20,0.01,-0.42,-0.29
97129,-0.02,-0.21,0.21,0.03,-0.35,-0.31
97188,-0.01,-0.21,0.21,0.03,-0.26,-0.30
97249,0.01,-0.20,0.22,0.03,-0.18,-0.29
97309,0.03,-0.19,0.22,0.02,-0.12,-0.28
97370,0.04,-0.18,0.23,0.02,-0.07,-0.28
97429,0.05,-0.18,0.24,0.03,-0.05,-0.28
97489,0.06,-0.18,0.24,0.04,-0.07,-0.28
97550,0.06,-0.17,0.25,0.04,-0.08,-0.26
97610,0.07,-0.18,0.26,-0.01,-0.12,-0.25
97670,0.10,-0.18,0.27,-0.14,-0.19,-0.24
97730,0.10,-0.19,0.29,-0.25,-0.22,-0.17
97790,0.09,-0.18,0.31,-0.30,-0.20,-0.16
97851,0.08,-0.17,0.33,-0.34,-0.20,-0.13
97910,0.09,-0.15,0.34,-0.41,-0.21,-0.10
97971,0.11,-0.16,0.35,-0.49,-0.22,-0.09
98031,0.11,-0.16,0.35,-0.55,-0.23,-0.09
98092,0.09,-0.16,0.35,-0.57,-0.25,-0.08
98151,0.08,-0.16,0.34,-0.59,-0.27,-0.07
98211,0.07,-0.16,0.34,-0.59,-0.27,-0.07
98272,0.08,-0.15,0.34,-0.56,-0.26,-0.08
98331,0.07,-0.15,0.33,-0.47,-0.23,-0.08
98392,0.06,-0.14,0.34,-0.36,-0.19,-0.08
98452,0.07,-0.11,0.35,-0.25,-0.15,-0.09
98511,0.09,-0.08,0.35,-0.20,-0.12,-0.12
98572,0.11,-0.08,0.36,-0.16,-0.11,-0.13
98631,0.12,-0.09,0.37,-0.10,-0.12,-0.15
98692,0.12,-0.09,0.37,-0.04,-0.14,-0.15
98752,0.12,-0.09,0.36,0.03,-0.17,-0.15
98811,0.12,-0.08,0.36,0.08,-0.18,-0.15
98872,0.12,-0.08,0.36,0.15,-0.19,-0.16
98932,0.13,-0.08,0.36,0.18,-0.19,-0.17
98992,0.13,-0.09,0.36,0.19,-0.20,-0.18
99052,0.13,-0.10,0.37,0.19,-0.21,-0.18
99112,0.13,-0.10,0.36,0.18,-0.23,-0.18
99172,0.14,-0.13,0.35,0.11,-0.29,-0.16
99232,0.15,-0.15,0.35,-0.03,-0.38,-0.14
99293,0.14,-0.16,0.35,-0.08,-0.39,-0.15
99353,0.12,-0.16,0.36,-0.11,-0.40,-0.14
99412,0.11,-0.15,0.36,-0.13,-0.41,-0.13
99473,0.11,-0.14,0.36,-0.19,-0.43,-0.10
99533,0.11,-0.14,0.36,-0.28,-0.44,-0.07
99594,0.11,-0.14,0.36,-0.37,-0.45,-0.04
99654,0.11,-0.14,0.36,-0.44,-0.45,-0.01
99714,0.10,-0.14,0.36,-0.50,-0.45,0.01
99773,0.10,-0.14,0.36,-0.57,-0.46,0.04
99834,0.09,-0.13,0.36,-0.60,-0.47,0.05
99894,0.07,-0.13,0.36,-0.61,-0.47,0.05
99954,0.07,-0.14,0.35,-0.59,-0.46,0.03
100015,0.07,-0.14,0.35,-0.55,-0.46,0.01
100074,0.07,-0.13,0.34,-0.44,-0.43,-0.03
100134,0.05,-0.12,0.34,-0.31,-0.39,-0.05
100195,0.05,-0.12,0.34,-0.21,-0.36,-0.09
100255,0.06,-0.12,0.33,-0.17,-0.34,-0.11
100316,0.08,-0.13,0.32,-0.14,-0.33,-0.12
100375,0.09,-0.14,0.32,-0.11,-0.32,-0.14
100435,0.09,-0.15,0.32,-0.04,-0.31,-0.17
100497,0.08,-0.15,0.31,0.04,-0.29,-0.18
100558,0.07,-0.14,0.31,0.12,-0.27,-0.21
100620,0.07,-0.15,0.30,0.18,-0.26,-0.22
100679,0.07,-0.15,0.30,0.21,-0.25,-0.23
100739,0.08,-0.16,0.30,0.22,-0.24,-0.24
100802,0.08,-0.17,0.30,0.20,-0.25,-0.23
100864,0.08,-0.19,0.30,0.15,-0.29,-0.23
100924,0.09,-0.21,0.29,0.05,-0.36,-0.22
100985,0.08,-0.23,0.29,-0.05,-0.42,-0.23
101047,0.07,-0.22,0.30,-0.09,-0.43,-0.25
101107,0.06,-0.22,0.30,-0.11,-0.44,-0.22
101169,0.06,-0.22,0.30,-0.15,-0.46,-0.21
101228,0.06,-0.21,0.30,-0.21,-0.48,-0.20
101288,0.05,-0.21,0.30,-0.28,-0.48,-0.18
101350,0.04,-0.21,0.31,-0.34,-0.50,-0.16
101411,0.04,-0.21,0.31,-0.41,-0.52,-0.13
101474,0.04,-0.20,0.31,-0.49,-0.54,-0.09
101534,0.04,-0.20,0.31,-0.56,-0.55,-0.04
101597,0.04,-0.20,0.31,-0.61,-0.56,-0.01
101658,0.03,-0.19,0.31,-0.61,-0.56,-0.01
101719,0.03,-0.20,0.30,-0.60,-0.56,-0.02
101778,0.03,-0.20,0.29,-0.55,-0.54,-0.05
101839,0.02,-0.21,0.30,-0.44,-0.51,-0.10
101900,0.00,-0.20,0.30,-0.28,-0.45,-0.16
101963,0.00,-0.20,0.29,-0.19,-0.43,-0.20
102025,0.01,-0.21,0.28,-0.17,-0.43,-0.21
102084,0.02,-0.22,0.28,-0.16,-0.41,-0.22
102146,0.03,-0.23,0.28,-0.12,-0.39,-0.23
102207,0.03,-0.23,0.28,-0.05,-0.37,-0.25
102266,0.02,-0.22,0.28,0.02,-0.34,-0.26
102327,0.02,-0.21,0.28,0.10,-0.30,-0.28
102387,0.03,-0.21,0.28,0.15,-0.27,-0.29
102449,0.04,-0.22,0.28,0.17,-0.26,-0.30
102511,0.05,-0.23,0.28,0.18,-0.25,-0.30
102573,0.05,-0.23,0.28,0.17,-0.26,-0.30
102632,0.04,-0.24,0.28,0.15,-0.29,-0.29
102692,0.04,-0.26,0.27,0.07,-0.36,-0.27
102755,0.05,-0.29,0.26,-0.04,-0.47,-0.27
102815,0.03,-0.29,0.27,-0.10,-0.51,-0.33
102877,0.01,-0.28,0.27,-0.13,-0.51,-0.28
102937,0.00,-0.28,0.27,-0.16,-0.53,-0.27
102999,-0.00,-0.26,0.28,-0.20,-0.54,-0.25
103059,-0.00,-0.26,0.28,-0.24,-0.55,-0.24
103119,-0.01,-0.25,0.29,-0.30,-0.56,-0.21
103179,-0.01,-0.24,0.29,-0.37,-0.58,-0.17
103239,-0.01,-0.23,0.30,-0.45,-0.60,-0.11
103302,-0.01,-0.21,0.30,-0.54,-0.61,-0.05
103364,-0.00,-0.20,0.31,-0.64,-0.62,0.02
103427,-0.01,-0.17,0.32,-0.67,-0.61,0.06
103486,-0.02,-0.15,0.33,-0.69,-0.61,0.09
103546,-0.02,-0.16,0.33,-0.67,-0.61,0.07
103607,-0.01,-0.16,0.33,-0.63,-0.61,0.04
103667,-0.01,-0.16,0.33,-0.51,-0.56,-0.02
103728,-0.03,-0.15,0.34,-0.33,-0.46,-0.09
103788,-0.01,-0.14,0.34,-0.24,-0.38,-0.12
103847,-0.00,-0.15,0.34,-0.23,-0.38,-0.14
103908,0.01,-0.15,0.35,-0.22,-0.37,-0.15
103968,0.02,-0.17,0.34,-0.18,-0.36,-0.18
104029,0.02,-0.18,0.33,-0.12,-0.34,-0.20
104088,0.02,-0.19,0.33,-0.05,-0.32,-0.22
104147,0.01,-0.19,0.32,0.04,-0.30,-0.24
104208,0.02,-0.19,0.32,0.11,-0.28,-0.27
104268,0.04,-0.19,0.31,0.13,-0.28,-0.26
104329,0.05,-0.21,0.31,0.14,-0.28,-0.28
104388,0.05,-0.21,0.31,0.14,-0.28,-0.27
104449,0.05,-0.22,0.31,0.13,-0.29,-0.28
104509,0.05,-0.24,0.30,0.06,-0.33,-0.27
104569,0.07,-0.26,0.29,-0.06,-0.39,-0.25
104630,0.06,-0.27,0.30,-0.14,-0.39,-0.26
104689,0.05,-0.26,0.31,-0.19,-0.36,-0.23
104750,0.03,-0.26,0.31,-0.21,-0.35,-0.23
104810,0.02,-0.25,0.31,-0.24,-0.36,-0.22
104869,0.02,-0.25,0.31,-0.30,-0.37,-0.20
104930,0.02,-0.24,0.32,-0.38,-0.40,-0.16
104990,0.01,-0.23,0.32,-0.46,-0.42,-0.13
105051,0.01,-0.22,0.33,-0.52,-0.43,-0.10
105110,0.00,-0.22,0.33,-0.60,-0.46,-0.06
105170,0.00,-0.21,0.33,-0.66,-0.48,-0.02
105231,-0.00,-0.20,0.33,-0.66,-0.48,-0.01
105290,-0.01,-0.20,0.33,-0.67,-0.49,-0.00
105351,-0.01,-0.19,0.33,-0.66,-0.48,-0.00
105411,-0.00,-0.20,0.32,-0.63,-0.48,-0.02
105472,-0.01,-0.20,0.31,-0.54,-0.48,-0.07
105532,-0.03,-0.20,0.31,-0.39,-0.45,-0.12
105591,-0.03,-0.20,0.30,-0.27,-0.41,-0.15
105652,-0.02,-0.19,0.29,-0.23,-0.41,-0.18
105712,-0.01,-0.19,0.29,-0.22,-0.40,-0.18
105773,-0.00,-0.20,0.29,-0.20,-0.39,-0.18
105832,0.01,-0.20,0.28,-0.14,-0.38,-0.19
105891,0.01,-0.20,0.28,-0.06,-0.38,-0.20
105952,0.01,-0.20,0.27,0.01,-0.37,-0.22
106012,0.02,-0.19,0.27,0.08,-0.35,-0.23
106072,0.03,-0.16,0.27,0.13,-0.31,-0.23
106132,0.05,-0.15,0.27,0.16,-0.26,-0.21
106191,0.06,-0.15,0.27,0.16,-0.23,-0.22
106252,0.07,-0.16,0.26,0.16,-0.20,-0.23
106312,0.07,-0.16,0.26,0.16,-0.20,-0.22
106373,0.07,-0.16,0.26,0.15,-0.21,-0.21
106432,0.07,-0.16,0.27,0.09,-0.26,-0.20
106492,0.08,-0.18,0.26,-0.02,-0.32,-0.17
106553,0.08,-0.19,0.27,-0.17,-0.37,-0.19
106612,0.07,-0.19,0.27,-0.20,-0.35,-0.20
106673,0.06,-0.20,0.27,-0.21,-0.36,-0.20
106733,0.05,-0.20,0.27,-0.24,-0.37,-0.20
106792,0.04,-0.20,0.28,-0.29,-0.37,-0.18
106853,0.04,-0.20,0.27,-0.38,-0.40,-0.15
106913,0.03,-0.19,0.27,-0.47,-0.41,-0.13
106974,0.03,-0.19,0.27,-0.54,-0.41,-0.10
107033,0.03,-0.19,0.27,-0.60,-0.42,-0.08
107094,0.02,-0.19,0.27,-0.65,-0.42,-0.07
107154,0.02,-0.18,0.27,-0.65,-0.42,-0.07
107214,0.01,-0.19,0.27,-0.65,-0.42,-0.07
107275,0.02,-0.20,0.26,-0.62,-0.41,-0.09
107334,0.02,-0.20,0.26,-0.56,-0.39,-0.12
107394,0.01,-0.20,0.27,-0.45,-0.36,-0.14
107455,-0.01,-0.19,0.26,-0.32,-0.33,-0.17
107514,-0.01,-0.19,0.25,-0.23,-0.31,-0.19
107575,0.00,-0.20,0.24,-0.20,-0.31,-0.20
107635,0.01,-0.21,0.24,-0.19,-0.30,-0.21
107695,0.02,-0.21,0.24,-0.16,-0.28,-0.23
107755,0.02,-0.22,0.24,-0.10,-0.27,-0.23
107815,0.01,-0.21,0.24,-0.02,-0.24,-0.24
107876,0.01,-0.21,0.24,0.08,-0.22,-0.26