time,femur_w,femur_x,femur_y,femur_z,femur_acc_x,femur_acc_y,femur_acc_z,tibia_w,tibia_x,tibia_y,tibia_z,tibia_acc_x,tibia_acc_y,tibia_acc_z,gf,mg,gt,mt
2337,0.9982,-0.0337,0.0506,0.0000,0.9995,-0.0121,0.0281,0.0006,-0.93,-0.60,9.42,-0.52,-0.22,9.54,3,0,3,0
2406,0.9982,-0.0337,0.0506,0.0000,0.9995,-0.0121,0.0281,0.0006,-0.93,-0.63,9.42,-0.52,-0.22,9.59,3,0,3,0
2473,0.9982,-0.0337,0.0506,0.0000,0.9995,-0.0121,0.0281,0.0006,-0.92,-0.59,9.40,-0.52,-0.21,9.53,3,0,3,0
2539,0.9982,-0.0337,0.0506,0.0000,0.9995,-0.0121,0.0281,0.0006,-0.95,-0.58,9.43,-0.53,-0.23,9.56,3,0,3,0
2607,0.9982,-0.0337,0.0506,0.0000,0.9995,-0.0121,0.0281,0.0006,-0.93,-0.58,9.41,-0.52,-0.24,9.57,3,0,3,0
2674,0.9982,-0.0337,0.0506,0.0000,0.9995,-0.0121,0.0281,0.0006,-0.92,-0.60,9.44,-0.52,-0.22,9.60,3,0,3,0
2740,0.9982,-0.0337,0.0506,0.0000,0.9995,-0.0121,0.0281,0.0006,-0.93,-0.61,9.40,-0.54,-0.22,9.56,3,0,3,0
2807,0.9982,-0.0336,0.0506,0.0000,0.9995,-0.0121,0.0281,0.0006,-0.94,-0.58,9.45,-0.52,-0.23,9.58,3,0,3,0
2875,0.9982,-0.0336,0.0506,0.0000,0.9995,-0.0121,0.0281,0.0006,-0.93,-0.61,9.42,-0.50,-0.23,9.54,3,0,3,0
2940,0.9982,-0.0336,0.0506,0.0000,0.9995,-0.0121,0.0281,0.0006,-0.95,-0.60,9.44,-0.53,-0.23,9.57,3,0,3,0
3008,0.9982,-0.0336,0.0506,0.0000,0.9995,-0.0121,0.0281,0.0006,-0.95,-0.60,9.41,-0.54,-0.21,9.56,3,0,3,0
3077,0.9982,-0.0336,0.0506,0.0000,0.9995,-0.0121,0.0281,0.0006,-0.92,-0.61,9.42,-0.49,-0.22,9.55,3,0,3,0
3142,0.9982,-0.0334,0.0506,0.0000,0.9995,-0.0121,0.0281,0.0006,-0.92,-0.62,9.41,-0.54,-0.22,9.56,3,0,3,0
3210,0.9982,-0.0335,0.0506,0.0000,0.9995,-0.0121,0.0281,0.0006,-0.93,-0.60,9.43,-0.54,-0.22,9.56,3,0,3,0
3277,0.9982,-0.0335,0.0506,0.0000,0.9995,-0.0121,0.0281,0.0006,-0.95,-0.60,9.41,-0.54,-0.21,9.55,3,0,3,0
3344,0.9982,-0.0335,0.0506,0.0000,0.9995,-0.0121,0.0281,0.0006,-0.95,-0.62,9.43,-0.52,-0.23,9.56,3,0,3,0
3411,0.9982,-0.0335,0.0506,0.0000,0.9995,-0.0121,0.0281,0.0006,-0.93,-0.62,9.43,-0.54,-0.22,9.58,3,0,3,0
3479,0.9982,-0.0335,0.0506,0.0000,0.9995,-0.0121,0.0281,0.0006,-0.94,-0.62,9.39,-0.55,-0.21,9.54,3,0,3,0
3546,0.9982,-0.0335,0.0506,0.0000,0.9995,-0.0121,0.0281,0.0006,-0.93,-0.62,9.44,-0.56,-0.22,9.56,3,0,3,0
3614,0.9982,-0.0335,0.0506,0.0000,0.9995,-0.0121,0.0281,0.0006,-0.94,-0.62,9.41,-0.52,-0.22,9.59,3,0,3,0
3681,0.9982,-0.0335,0.0506,0.0000,0.9995,-0.0121,0.0281,0.0006,-0.92,-0.60,9.39,-0.52,-0.22,9.56,3,0,3,0
3747,0.9982,-0.0335,0.0506,0.0000,0.9995,-0.0121,0.0281,0.0006,-0.95,-0.60,9.40,-0.53,-0.22,9.54,3,0,3,0
3816,0.9982,-0.0335,0.0506,0.0000,0.9995,-0.0121,0.0281,0.0006,-0.92,-0.63,9.46,-0.52,-0.23,9.60,3,0,3,0
3884,0.9982,-0.0333,0.0506,0.0000,0.9995,-0.0121,0.0281,0.0006,-0.95,-0.56,9.42,-0.52,-0.20,9.53,3,0,3,0
3951,0.9982,-0.0333,0.0506,0.0000,0.9995,-0.0121,0.0281,0.0006,-0.93,-0.62,9.48,-0.52,-0.24,9.58,3,0,3,0
4019,0.9982,-0.0333,0.0506,0.0000,0.9995,-0.0121,0.0281,0.0006,-0.91,-0.61,9.42,-0.52,-0.22,9.56,3,0,3,0
4087,0.9982,-0.0333,0.0506,0.0000,0.9995,-0.0121,0.0281,0.0006,-0.93,-0.57,9.44,-0.52,-0.20,9.57,3,0,3,0
4155,0.9982,-0.0333,0.0506,0.0000,0.9995,-0.0121,0.0281,0.0006,-0.94,-0.62,9.46,-0.55,-0.23,9.60,3,0,3,0
4221,0.9982,-0.0333,0.0506,0.0000,0.9995,-0.0121,0.0281,0.0006,-0.94,-0.59,9.38,-0.53,-0.21,9.51,3,0,3,0
4289,0.9982,-0.0333,0.0506,0.0000,0.9995,-0.0121,0.0281,0.0006,-0.93,-0.61,9.46,-0.53,-0.22,9.61,3,0,3,0
4357,0.9982,-0.0333,0.0506,0.0000,0.9995,-0.0121,0.0281,0.0006,-0.95,-0.59,9.43,-0.54,-0.21,9.55,3,0,3,0
4425,0.9982,-0.0333,0.0506,0.0000,0.9995,-0.0121,0.0281,0.0006,-0.93,-0.58,9.42,-0.52,-0.21,9.59,3,0,3,0
4491,0.9982,-0.0333,0.0506,0.0000,0.9995,-0.0121,0.0281,0.0006,-0.93,-0.59,9.40,-0.54,-0.21,9.57,3,0,3,0
4557,0.9982,-0.0333,0.0506,0.0000,0.9995,-0.0114,0.0284,0.0006,-0.95,-0.59,9.42,-0.55,-0.13,9.54,3,0,3,0
4625,0.9982,-0.0333,0.0506,0.0000,0.9995,-0.0097,0.0287,0.0012,-0.91,-0.61,9.43,-0.55,-0.13,9.55,3,0,3,0
4691,0.9982,-0.0333,0.0506,0.0000,0.9995,-0.0109,0.0287,0.0012,-0.95,-0.60,9.42,-0.51,-0.21,9.59,3,0,3,0
4758,0.9982,-0.0333,0.0506,0.0000,0.9995,-0.0118,0.0286,0.0013,-0.94,-0.60,9.47,-0.53,-0.20,9.61,3,0,3,0
4826,0.9982,-0.0333,0.0506,0.0000,0.9995,-0.0118,0.0286,0.0013,-0.94,-0.58,9.39,-0.54,-0.20,9.51,3,0,3,0
4891,0.9982,-0.0333,0.0506,0.0000,0.9995,-0.0118,0.0286,0.0013,-0.92,-0.61,9.45,-0.53,-0.22,9.56,3,0,3,0
4959,0.9982,-0.0333,0.0506,0.0000,0.9995,-0.0118,0.0286,0.0013,-0.94,-0.63,9.44,-0.53,-0.23,9.58,3,0,3,0
5026,0.9982,-0.0333,0.0506,0.0000,0.9995,-0.0118,0.0286,0.0013,-0.90,-0.59,9.41,-0.53,-0.20,9.57,3,0,3,0
5092,0.9982,-0.0336,0.0507,0.0000,0.9995,-0.0118,0.0286,0.0013,-0.92,-0.68,9.44,-0.57,-0.19,9.54,3,0,3,0
5156,0.9982,-0.0333,0.0510,-0.0029,0.9995,-0.0118,0.0286,0.0013,-1.12,-1.94,9.10,-0.53,-0.17,9.41,3,0,3,0
5223,0.9982,-0.0334,0.0507,-0.0033,0.9995,-0.0118,0.0286,0.0013,-0.92,-0.60,9.47,-0.53,-0.29,9.72,3,0,3,0
5291,0.9982,-0.0328,0.0507,-0.0033,0.9995,-0.0118,0.0286,0.0013,-1.01,-0.52,9.39,-0.53,-0.19,9.54,3,0,3,0
5358,0.9982,-0.0328,0.0507,-0.0033,0.9995,-0.0118,0.0286,0.0013,-1.00,-0.57,9.39,-0.53,-0.16,9.50,3,0,3,0
5426,0.9982,-0.0328,0.0507,-0.0033,0.9995,-0.0118,0.0286,0.0013,-0.91,-0.63,9.48,-0.53,-0.29,9.67,3,0,3,0
5492,0.9982,-0.0328,0.0507,-0.0033,0.9995,-0.0118,0.0286,0.0013,-0.94,-0.56,9.39,-0.53,-0.19,9.54,3,0,3,0
5560,0.9982,-0.0328,0.0507,-0.0033,0.9995,-0.0118,0.0286,0.0013,-0.96,-0.61,9.41,-0.55,-0.24,9.58,3,0,3,0
5627,0.9982,-0.0328,0.0507,-0.0033,0.9995,-0.0118,0.0286,0.0013,-0.89,-0.62,9.47,-0.48,-0.28,9.66,3,0,3,0
5693,0.9982,-0.0328,0.0507,-0.0033,0.9995,-0.0118,0.0286,0.0013,-1.02,-0.55,9.36,-0.56,-0.13,9.47,3,0,3,0
5760,0.9982,-0.0328,0.0507,-0.0033,0.9995,-0.0118,0.0286,0.0013,-0.90,-0.64,9.49,-0.52,-0.28,9.70,3,0,3,0
5827,0.9982,-0.0327,0.0508,-0.0037,0.9995,-0.0118,0.0286,0.0013,-0.82,-0.55,9.39,-0.47,-0.22,9.63,3,0,3,0
5894,0.9982,-0.0322,0.0508,-0.0059,0.9995,-0.0118,0.0286,0.0013,-1.00,-0.65,9.30,-0.59,-0.15,9.46,3,0,3,0
5960,0.9982,-0.0322,0.0508,-0.0059,0.9995,-0.0118,0.0286,0.0013,-0.88,-0.59,9.50,-0.46,-0.25,9.68,3,0,3,0
6028,0.9982,-0.0325,0.0509,-0.0032,0.9995,-0.0118,0.0286,0.0013,-1.03,-0.61,9.43,-0.54,-0.20,9.58,3,0,3,0
6093,0.9982,-0.0323,0.0510,0.0043,0.9995,-0.0118,0.0286,0.0013,-0.70,-0.45,9.50,-0.56,-0.17,9.49,3,0,3,0
6158,0.9981,-0.0321,0.0509,0.0114,0.9995,-0.0118,0.0286,0.0013,-0.87,-0.16,9.58,-0.46,-0.25,9.68,3,0,3,0
6224,0.9982,-0.0322,0.0510,0.0090,0.9995,-0.0118,0.0286,0.0013,-0.91,-0.57,9.34,-0.56,-0.22,9.50,3,0,3,0
6292,0.9981,-0.0322,0.0509,0.0106,0.9995,-0.0118,0.0286,0.0013,-0.26,0.24,9.58,-0.53,-0.16,9.52,3,0,3,0
6356,0.9981,-0.0316,0.0513,0.0099,0.9995,-0.0118,0.0286,0.0013,-0.70,-0.60,9.47,-0.50,-0.26,9.64,3,0,3,0
6424,0.9982,-0.0303,0.0512,0.0036,0.9995,-0.0118,0.0286,0.0013,-1.27,-0.76,9.22,-0.56,-0.19,9.54,3,0,3,0
6492,0.9983,-0.0300,0.0499,0.0038,0.9995,-0.0118,0.0286,0.0013,-0.14,-0.09,9.36,-0.50,-0.19,9.55,3,0,3,0
6557,0.9982,-0.0304,0.0505,0.0045,0.9995,-0.0118,0.0286,0.0013,-1.97,-1.15,9.24,-0.54,-0.25,9.60,3,0,3,0
6625,0.9980,-0.0308,0.0519,0.0198,0.9995,-0.0118,0.0286,0.0013,-1.27,-0.58,9.34,-0.55,-0.18,9.54,3,0,3,0
6692,0.9977,-0.0323,0.0518,0.0301,0.9995,-0.0118,0.0286,0.0013,-1.09,-0.75,9.45,-0.52,-0.24,9.56,3,0,3,0
6757,0.9975,-0.0344,0.0511,0.0342,0.9995,-0.0118,0.0286,0.0013,-1.36,-0.88,9.41,-0.54,-0.25,9.63,3,0,3,0
6824,0.9973,-0.0350,0.0508,0.0397,0.9995,-0.0118,0.0286,0.0013,-1.47,-0.69,9.39,-0.55,-0.15,9.47,3,0,3,0
6893,0.9974,-0.0355,0.0504,0.0374,0.9995,-0.0118,0.0286,0.0013,-2.05,-1.38,9.36,-0.53,-0.26,9.61,3,0,3,0
6958,0.9968,-0.0374,0.0501,0.0508,0.9995,-0.0118,0.0286,0.0013,-0.80,0.33,9.52,-0.53,-0.20,9.57,3,0,3,0
7025,0.9965,-0.0385,0.0497,0.0557,0.9995,-0.0118,0.0286,0.0013,-1.08,-0.87,9.54,-0.53,-0.16,9.51,3,0,3,0
7093,0.9965,-0.0397,0.0496,0.0555,0.9995,-0.0118,0.0286,0.0013,-0.97,-0.94,9.43,-0.53,-0.25,9.58,3,0,3,0
7158,0.9964,-0.0399,0.0492,0.0566,0.9995,-0.0118,0.0286,0.0013,-0.71,-0.28,9.56,-0.49,-0.21,9.57,3,0,3,0
7225,0.9959,-0.0421,0.0489,0.0633,0.9995,-0.0118,0.0286,0.0013,-0.86,-0.38,9.49,-0.58,-0.21,9.48,3,0,3,0
7293,0.9953,-0.0438,0.0486,0.0714,0.9995,-0.0118,0.0286,0.0013,-1.10,-1.20,9.50,-0.51,-0.26,9.58,3,0,3,0
7358,0.9949,-0.0457,0.0486,0.0757,0.9995,-0.0118,0.0286,0.0013,-1.09,-0.64,9.31,-0.51,-0.21,9.55,3,0,3,0
7426,0.9946,-0.0460,0.0484,0.0801,0.9995,-0.0118,0.0286,0.0013,-0.66,0.02,9.51,-0.55,-0.20,9.54,3,0,3,0
7494,0.9948,-0.0459,0.0482,0.0773,0.9995,-0.0118,0.0286,0.0013,-0.83,-0.48,9.45,-0.48,-0.24,9.59,3,0,3,0
7559,0.9954,-0.0455,0.0479,0.0688,0.9995,-0.0118,0.0286,0.0013,-0.55,-0.48,9.45,-0.54,-0.23,9.56,3,0,3,0
7626,0.9958,-0.0457,0.0477,0.0625,0.9995,-0.0118,0.0286,0.0013,-0.61,-0.84,9.45,-0.52,-0.23,9.55,3,0,3,0
7694,0.9959,-0.0460,0.0475,0.0617,0.9995,-0.0118,0.0286,0.0013,-0.69,-0.30,9.47,-0.51,-0.25,9.60,3,0,3,0
7759,0.9962,-0.0428,0.0459,0.0596,0.9995,-0.0118,0.0286,0.0013,-0.48,-0.58,9.54,-0.51,-0.23,9.56,3,0,3,0
7826,0.9963,-0.0424,0.0459,0.0583,0.9995,-0.0118,0.0286,0.0013,-0.62,-1.10,9.46,-0.52,-0.21,9.54,3,0,3,0
7895,0.9960,-0.0421,0.0458,0.0634,0.9995,-0.0118,0.0286,0.0013,-0.55,-0.53,9.55,-0.51,-0.24,9.56,3,0,3,0
7959,0.9959,-0.0419,0.0456,0.0659,0.9995,-0.0118,0.0286,0.0013,-0.41,-0.74,9.41,-0.52,-0.23,9.55,3,0,3,0
8027,0.9956,-0.0421,0.0436,0.0714,0.9995,-0.0118,0.0286,0.0013,-0.72,-1.24,9.35,-0.51,-0.22,9.53,3,0,3,0
8094,0.9946,-0.0425,0.0427,0.0844,0.9995,-0.0118,0.0286,0.0013,-0.75,-0.92,9.42,-0.51,-0.25,9.56,3,0,3,0
8160,0.9934,-0.0433,0.0420,0.0973,0.9995,-0.0118,0.0286,0.0013,-0.64,-1.10,9.43,-0.52,-0.23,9.55,3,0,3,0
8226,0.9916,-0.0441,0.0416,0.1137,0.9995,-0.0118,0.0286,0.0013,-0.60,-1.13,9.42,-0.53,-0.23,9.56,3,0,3,0
8295,0.9894,-0.0447,0.0409,0.1317,0.9995,-0.0118,0.0286,0.0013,-0.67,-0.78,9.49,-0.51,-0.27,9.60,3,0,3,0
8359,0.9879,-0.0446,0.0402,0.1430,0.9995,-0.0118,0.0286,0.0013,-0.82,-1.49,9.31,-0.39,-0.42,9.59,3,0,3,0
8426,0.9867,-0.0436,0.0399,0.1515,0.9991,-0.0120,0.0291,0.0264,-1.18,-1.18,9.37,0.48,-0.94,9.53,3,0,3,0
8494,0.9845,-0.0435,0.0394,0.1655,0.9945,-0.0128,0.0303,0.0996,-1.22,-1.10,9.46,-1.34,0.26,9.55,3,0,3,0
8559,0.9833,-0.0435,0.0395,0.1721,0.9914,-0.0130,0.0306,0.1268,-1.03,-1.24,9.39,-0.81,0.36,9.56,3,0,3,0
8627,0.9828,-0.0430,0.0394,0.1749,0.9913,-0.0130,0.0306,0.1270,-1.13,-0.56,9.44,-0.54,-0.20,9.54,3,0,3,0
8694,0.9826,-0.0424,0.0396,0.1765,0.9913,-0.0130,0.0306,0.1270,-0.90,-0.73,9.37,-0.56,-0.24,9.61,3,0,3,0
8760,0.9832,-0.0418,0.0397,0.1730,0.9913,-0.0130,0.0306,0.1270,-1.20,-0.79,9.41,-0.54,-0.21,9.60,3,0,3,0
8826,0.9839,-0.0422,0.0408,0.1684,0.9913,-0.0130,0.0306,0.1270,-1.37,-0.68,9.38,-0.54,-0.19,9.54,3,0,3,0
8894,0.9851,-0.0417,0.0410,0.1617,0.9913,-0.0130,0.0306,0.1270,-1.06,-1.36,9.44,-0.55,-0.19,9.56,3,0,3,0
8960,0.9858,-0.0419,0.0410,0.1576,0.9913,-0.0130,0.0306,0.1270,-0.94,-0.71,9.48,-0.55,-0.20,9.58,3,0,3,0
9027,0.9863,-0.0424,0.0412,0.1542,0.9913,-0.0130,0.0306,0.1270,-1.13,-0.94,9.39,-0.57,-0.23,9.54,3,0,3,0
9094,0.9864,-0.0430,0.0413,0.1533,0.9913,-0.0130,0.0306,0.1270,-0.87,-0.27,9.46,-0.54,-0.23,9.59,3,0,3,0
9160,0.9869,-0.0430,0.0414,0.1495,0.9913,-0.0130,0.0306,0.1270,-1.12,-0.67,9.41,-0.54,-0.22,9.53,3,0,3,0
9227,0.9875,-0.0434,0.0420,0.1453,0.9913,-0.0130,0.0306,0.1270,-0.96,-0.50,9.41,-0.54,-0.22,9.57,3,0,3,0
9294,0.9877,-0.0439,0.0420,0.1438,0.9913,-0.0130,0.0306,0.1270,-1.13,-0.40,9.40,-0.53,-0.23,9.56,3,0,3,0
9360,0.9884,-0.0439,0.0421,0.1390,0.9913,-0.0130,0.0306,0.1270,-1.20,-0.78,9.31,-0.56,-0.21,9.55,3,0,3,0
9427,0.9890,-0.0449,0.0419,0.1349,0.9913,-0.0130,0.0306,0.1270,-1.23,-0.58,9.44,-0.54,-0.21,9.57,3,0,3,0
9496,0.9897,-0.0448,0.0425,0.1288,0.9913,-0.0130,0.0306,0.1270,-0.76,-0.22,9.46,-0.52,-0.21,9.58,3,0,3,0
9561,0.9910,-0.0441,0.0428,0.1190,0.9913,-0.0130,0.0306,0.1270,-0.88,-0.51,9.46,-0.54,-0.23,9.57,3,0,3,0
9628,0.9921,-0.0433,0.0428,0.1102,0.9913,-0.0130,0.0306,0.1270,-0.75,-0.55,9.40,-0.53,-0.22,9.57,3,0,3,0
9696,0.9929,-0.0411,0.0416,0.1039,0.9913,-0.0130,0.0306,0.1270,-0.39,-0.08,9.45,-0.54,-0.22,9.52,3,0,3,0
9761,0.9938,-0.0396,0.0416,0.0951,0.9913,-0.0130,0.0306,0.1270,-0.76,-0.22,9.00,-0.53,-0.23,9.56,3,0,3,0
9828,0.9948,-0.0389,0.0416,0.0853,0.9913,-0.0130,0.0306,0.1270,-0.84,-0.83,9.49,-0.54,-0.22,9.59,3,0,3,0
9895,0.9949,-0.0389,0.0416,0.0838,0.9913,-0.0130,0.0306,0.1270,-0.69,-0.57,9.49,-0.54,-0.19,9.54,3,0,3,0
9961,0.9949,-0.0392,0.0415,0.0833,0.9913,-0.0130,0.0306,0.1270,-0.84,-0.49,9.44,-0.55,-0.23,9.55,3,0,3,0
10029,0.9950,-0.0386,0.0417,0.0823,0.9913,-0.0130,0.0306,0.1270,-0.80,-0.87,9.42,-0.54,-0.22,9.58,3,0,3,0
10095,0.9952,-0.0381,0.0416,0.0804,0.9913,-0.0130,0.0306,0.1270,-0.54,-0.58,9.50,-0.54,-0.22,9.52,3,0,3,0
10162,0.9957,-0.0380,0.0413,0.0740,0.9913,-0.0130,0.0306,0.1270,-0.90,-1.17,9.35,-0.54,-0.22,9.56,3,0,3,0
10228,0.9958,-0.0383,0.0412,0.0714,0.9913,-0.0130,0.0306,0.1270,-0.71,-0.22,9.48,-0.52,-0.24,9.59,3,0,3,0
10296,0.9957,-0.0385,0.0412,0.0741,0.9913,-0.0130,0.0306,0.1270,-0.77,-0.48,9.44,-0.55,-0.22,9.50,3,0,3,0
10361,0.9955,-0.0378,0.0412,0.0761,0.9913,-0.0130,0.0306,0.1270,-0.72,-0.64,9.42,-0.53,-0.24,9.54,3,0,3,0
10429,0.9953,-0.0371,0.0414,0.0791,0.9913,-0.0130,0.0306,0.1270,-0.81,-0.69,9.41,-0.53,-0.24,9.60,3,0,3,0
10496,0.9952,-0.0367,0.0415,0.0812,0.9913,-0.0130,0.0306,0.1270,-0.62,-0.23,9.46,-0.56,-0.23,9.49,3,0,3,0
10562,0.9952,-0.0347,0.0398,0.0824,0.9913,-0.0130,0.0306,0.1270,-0.60,-1.08,9.74,-0.53,-0.22,9.60,3,0,3,0
10630,0.9951,-0.0331,0.0397,0.0839,0.9913,-0.0130,0.0306,0.1270,-0.68,-0.93,9.40,-0.52,-0.23,9.57,3,0,3,0
10696,0.9945,-0.0315,0.0391,0.0916,0.9913,-0.0130,0.0306,0.1270,-0.49,-0.87,9.49,-0.54,-0.22,9.56,3,0,3,0
10762,0.9941,-0.0288,0.0388,0.0969,0.9913,-0.0128,0.0306,0.1271,-0.52,-0.84,9.50,0.52,-1.01,9.64,3,0,3,0
10827,0.9935,-0.0297,0.0378,0.1038,0.9869,-0.0131,0.0309,0.1578,-0.61,-0.85,9.48,-1.25,-0.17,9.39,3,0,3,0
10896,0.9932,-0.0314,0.0366,0.1066,0.9836,-0.0131,0.0310,0.1769,-0.76,-1.05,9.48,-0.65,0.01,9.50,3,0,3,0
10961,0.9926,-0.0331,0.0359,0.1112,0.9836,-0.0131,0.0310,0.1771,-1.24,-0.72,9.48,-0.56,-0.23,9.59,3,0,3,0
11029,0.9915,-0.0340,0.0364,0.1203,0.9836,-0.0130,0.0311,0.1771,-0.91,-0.78,9.42,-0.55,-0.22,9.53,3,0,3,0
11097,0.9901,-0.0358,0.0381,0.1307,0.9836,-0.0130,0.0311,0.1771,-1.22,-0.39,9.46,-0.53,-0.23,9.55,3,0,3,0
11162,0.9891,-0.0363,0.0383,0.1373,0.9836,-0.0130,0.0311,0.1771,-1.00,-0.60,9.51,-0.55,-0.22,9.60,3,0,3,0
11230,0.9884,-0.0364,0.0391,0.1420,0.9836,-0.0130,0.0311,0.1771,-1.35,-0.54,9.49,-0.54,-0.23,9.56,3,0,3,0
11297,0.9882,-0.0365,0.0393,0.1434,0.9836,-0.0130,0.0311,0.1771,-1.25,-0.26,9.43,-0.53,-0.20,9.52,3,0,3,0
11363,0.9888,-0.0363,0.0397,0.1392,0.9836,-0.0130,0.0311,0.1771,-1.37,-0.28,9.40,-0.56,-0.21,9.58,3,0,3,0
11430,0.9899,-0.0356,0.0406,0.1313,0.9836,-0.0130,0.0311,0.1771,-1.61,-0.36,9.39,-0.53,-0.21,9.57,3,0,3,0
11497,0.9909,-0.0358,0.0408,0.1232,0.9836,-0.0130,0.0311,0.1771,-1.13,-0.17,9.41,-0.52,-0.23,9.55,3,0,3,0
11564,0.9921,-0.0354,0.0409,0.1129,0.9836,-0.0130,0.0311,0.1771,-0.94,-0.64,9.39,-0.57,-0.24,9.57,3,0,3,0
11631,0.9929,-0.0359,0.0413,0.1055,0.9836,-0.0130,0.0311,0.1771,-1.25,-0.62,9.42,-0.55,-0.22,9.56,3,0,3,0
11698,0.9935,-0.0356,0.0415,0.1003,0.9836,-0.0130,0.0311,0.1771,-0.95,-0.22,9.44,-0.54,-0.24,9.56,3,0,3,0
11763,0.9942,-0.0347,0.0420,0.0925,0.9836,-0.0130,0.0311,0.1771,-0.71,-0.31,9.44,-0.55,-0.26,9.54,3,0,3,0
11831,0.9950,-0.0346,0.0417,0.0842,0.9836,-0.0130,0.0311,0.1771,-0.91,-0.27,9.43,-0.53,-0.23,9.58,3,0,3,0
11897,0.9957,-0.0342,0.0416,0.0750,0.9836,-0.0130,0.0311,0.1771,-0.86,-0.37,9.42,-0.56,-0.24,9.54,3,0,3,0
11964,0.9964,-0.0333,0.0412,0.0659,0.9836,-0.0130,0.0311,0.1771,-0.83,-0.19,9.42,-0.53,-0.25,9.58,3,0,3,0
12032,0.9972,-0.0316,0.0405,0.0550,0.9836,-0.0130,0.0311,0.1771,-0.22,-0.08,9.47,-0.53,-0.24,9.56,3,0,3,0
12098,0.9974,-0.0319,0.0403,0.0507,0.9836,-0.0130,0.0311,0.1771,-0.53,-0.10,9.45,-0.56,-0.24,9.52,3,0,3,0
12165,0.9977,-0.0294,0.0383,0.0484,0.9836,-0.0130,0.0311,0.1771,-0.46,-0.31,9.46,-0.54,-0.22,9.58,3,0,3,0
12232,0.9976,-0.0291,0.0380,0.0513,0.9836,-0.0130,0.0311,0.1771,-0.62,-0.70,9.43,-0.54,-0.25,9.57,3,0,3,0
12299,0.9974,-0.0290,0.0381,0.0544,0.9836,-0.0130,0.0311,0.1771,-0.57,-0.79,9.29,-0.55,-0.25,9.50,3,0,3,0
12364,0.9973,-0.0289,0.0383,0.0569,0.9836,-0.0130,0.0311,0.1771,-1.02,-1.44,9.39,-0.53,-0.25,9.58,3,0,3,0
12432,0.9965,-0.0318,0.0397,0.0662,0.9836,-0.0130,0.0311,0.1771,-0.97,-1.37,9.51,-0.55,-0.22,9.55,3,0,3,0
12498,0.9953,-0.0349,0.0438,0.0793,0.9836,-0.0130,0.0311,0.1771,-0.85,-0.76,9.34,-0.53,-0.24,9.54,3,0,3,0
12565,0.9948,-0.0346,0.0475,0.0841,0.9836,-0.0130,0.0311,0.1771,-1.29,-0.82,9.33,-0.56,-0.22,9.54,3,0,3,0
12633,0.9935,-0.0353,0.0523,0.0945,0.9836,-0.0130,0.0311,0.1771,-0.88,-0.08,9.27,-0.53,-0.20,9.56,3,0,3,0
12699,0.9937,-0.0224,0.0550,0.0955,0.9836,-0.0133,0.0308,0.1773,-1.40,-0.78,9.47,-0.41,-0.57,9.56,3,0,3,0
12766,0.9932,-0.0097,0.0551,0.1016,0.9830,-0.0132,0.0308,0.1807,-0.36,0.87,9.82,-0.56,-0.19,9.60,3,0,3,0
12833,0.9929,0.0327,0.0516,0.1024,0.9830,-0.0134,0.0308,0.1807,-1.07,0.45,9.61,-0.52,-0.25,9.62,3,0,3,0
12900,0.9918,0.0630,0.0396,0.1041,0.9819,-0.0137,0.0305,0.1863,-0.37,1.94,9.70,-0.71,-0.17,9.53,3,0,3,0
12965,0.9913,0.0828,0.0229,0.0999,0.9818,-0.0137,0.0305,0.1872,-0.41,2.05,10.18,0.08,-0.25,9.61,3,0,3,0
13032,0.9895,0.0996,0.0081,0.1045,0.9796,-0.0139,0.0306,0.1982,0.33,2.29,8.88,-0.15,0.11,9.55,3,0,3,0
13100,0.9877,0.1152,-0.0153,0.1047,0.9760,-0.0140,0.0307,0.2155,0.40,2.31,9.50,-1.25,-0.62,9.45,3,0,3,0
13165,0.9863,0.1274,-0.0256,0.1014,0.9744,-0.0140,0.0308,0.2225,1.27,2.37,9.29,-0.17,-0.62,9.58,3,0,3,0
13231,0.9830,0.1509,-0.0407,0.0968,0.9706,-0.0140,0.0309,0.2384,0.45,3.12,9.61,-1.33,0.33,9.60,3,1,3,0
13297,0.9775,0.1669,-0.0582,0.1154,0.9699,-0.0139,0.0309,0.2410,1.60,2.94,8.13,-0.55,-0.20,9.50,3,1,3,0
13364,0.9708,0.1806,-0.0812,0.1355,0.9699,-0.0139,0.0309,0.2410,2.13,3.13,8.04,-0.56,-0.24,9.55,3,1,3,0
13431,0.9572,0.2259,-0.0826,0.1608,0.9699,-0.0139,0.0309,0.2410,1.02,3.54,9.39,-0.59,-0.18,9.47,3,1,3,0
13498,0.9554,0.2160,-0.0823,0.1835,0.9694,-0.0138,0.0311,0.2431,2.20,3.07,8.43,-0.21,-0.80,9.46,3,1,3,0
13564,0.9560,0.1920,-0.0714,0.2101,0.9669,-0.0144,0.0307,0.2531,2.37,2.75,7.30,-0.97,0.44,9.54,3,1,3,0
13631,0.9560,0.1910,-0.0453,0.2181,0.9667,-0.0144,0.0307,0.2535,1.48,2.86,8.12,-0.55,-0.23,9.55,3,1,3,0
13698,0.9552,0.1872,-0.0452,0.2247,0.9667,-0.0144,0.0305,0.2536,1.68,2.68,8.02,-0.53,-0.35,9.63,3,1,3,0
13764,0.9528,0.1804,-0.0499,0.2391,0.9667,-0.0144,0.0305,0.2536,1.99,2.94,8.88,-0.51,-0.33,9.73,3,1,3,0
13832,0.9476,0.1772,-0.0358,0.2633,0.9667,-0.0147,0.0301,0.2536,1.58,2.86,7.68,-0.77,0.10,9.13,3,1,3,0
13898,0.9453,0.1690,-0.0411,0.2761,0.9667,-0.0154,0.0294,0.2536,2.08,0.97,6.10,-0.57,-0.23,9.52,3,1,3,0
13965,0.9388,0.1664,-0.0580,0.2958,0.9667,-0.0155,0.0293,0.2536,2.68,2.09,9.07,-0.55,-0.22,9.55,3,1,3,0
14032,0.9344,0.1678,-0.0589,0.3088,0.9667,-0.0158,0.0290,0.2536,2.62,3.56,8.77,-0.54,-0.27,9.61,3,1,3,0
14099,0.9316,0.1694,-0.0594,0.3160,0.9667,-0.0159,0.0289,0.2536,1.70,3.51,8.33,-0.55,-0.23,9.55,3,1,3,0
14166,0.9301,0.1725,-0.0679,0.3171,0.9667,-0.0160,0.0287,0.2536,3.02,2.77,10.05,-0.55,-0.26,9.57,3,1,3,0
14232,0.9300,0.1698,-0.0646,0.3195,0.9667,-0.0161,0.0286,0.2536,2.67,2.77,9.28,-0.55,-0.23,9.54,3,1,3,0
14299,0.9302,0.1663,-0.0595,0.3219,0.9667,-0.0162,0.0285,0.2536,1.65,2.12,7.93,-0.56,-0.25,9.55,3,1,3,0
14366,0.9298,0.1635,-0.0610,0.3240,0.9667,-0.0163,0.0284,0.2536,2.27,2.29,8.72,-0.56,-0.27,9.57,3,1,3,0
14433,0.9301,0.1591,-0.0565,0.3262,0.9667,-0.0164,0.0283,0.2536,1.78,2.13,8.47,-0.55,-0.25,9.57,3,1,3,0
14499,0.9296,0.1567,-0.0552,0.3289,0.9667,-0.0165,0.0283,0.2536,1.87,2.75,8.92,-0.55,-0.24,9.56,3,1,3,0
14567,0.9289,0.1584,-0.0536,0.3304,0.9667,-0.0165,0.0282,0.2536,2.01,2.61,8.25,-0.56,-0.25,9.57,3,1,3,0
14633,0.9270,0.1614,-0.0488,0.3350,0.9667,-0.0165,0.0282,0.2536,1.08,3.79,7.33,-0.53,-0.24,9.55,3,1,3,0
14700,0.9258,0.1688,-0.0447,0.3353,0.9667,-0.0165,0.0282,0.2536,1.69,4.36,10.83,-0.55,-0.24,9.56,3,1,3,0
14767,0.9250,0.1805,-0.0216,0.3337,0.9667,-0.0165,0.0282,0.2536,1.96,2.68,7.34,-0.55,-0.24,9.60,3,1,3,0
14833,0.9223,0.1850,-0.0324,0.3378,0.9667,-0.0165,0.0282,0.2536,2.60,2.09,10.97,-0.55,-0.22,9.56,3,1,3,0
14900,0.9194,0.1930,-0.0175,0.3424,0.9667,-0.0165,0.0282,0.2536,1.78,4.22,9.36,-0.55,-0.23,9.55,3,1,3,0
14967,0.9193,0.1998,-0.0121,0.3389,0.9667,-0.0165,0.0282,0.2536,2.16,2.69,8.58,-0.56,-0.25,9.56,3,1,3,0
15034,0.9168,0.2101,-0.0281,0.3384,0.9667,-0.0165,0.0282,0.2536,1.30,2.79,7.60,-0.55,-0.24,9.59,3,1,3,0
15100,0.9136,0.2265,-0.0519,0.3336,0.9667,-0.0165,0.0282,0.2536,2.38,4.25,9.00,-0.53,-0.24,9.56,3,1,3,0
15168,0.9113,0.2367,-0.0646,0.3306,0.9667,-0.0165,0.0282,0.2536,2.47,5.78,10.37,-0.55,-0.23,9.55,3,1,3,0
15235,0.9096,0.2445,-0.0543,0.3315,0.9667,-0.0165,0.0282,0.2536,2.42,1.96,6.57,-0.54,-0.23,9.58,3,1,3,0
15301,0.9012,0.2435,-0.0535,0.3544,0.9667,-0.0165,0.0282,0.2536,3.87,4.02,9.81,-0.55,-0.24,9.56,3,1,3,0
15368,0.8928,0.2420,-0.0447,0.3773,0.9667,-0.0165,0.0282,0.2536,2.72,2.97,7.72,-0.55,-0.25,9.53,3,1,3,0
15435,0.8862,0.2522,-0.0687,0.3825,0.9667,-0.0165,0.0282,0.2536,2.92,4.33,8.95,-0.57,-0.24,9.57,3,1,3,0
15502,0.8727,0.2702,-0.0892,0.3966,0.9667,-0.0165,0.0282,0.2536,4.67,3.81,9.33,-0.54,-0.25,9.51,3,1,3,0
15568,0.8602,0.2878,-0.1382,0.3977,0.9667,-0.0165,0.0282,0.2536,5.44,2.38,9.31,-0.56,-0.24,9.54,3,1,3,0
15636,0.8517,0.2918,-0.1450,0.4103,0.9667,-0.0165,0.0282,0.2536,4.58,4.25,6.84,-0.55,-0.24,9.58,3,1,3,0
15702,0.8503,0.2983,-0.1465,0.4081,0.9667,-0.0165,0.0282,0.2536,4.53,2.45,4.95,-0.56,-0.24,9.55,3,1,3,0
15768,0.8382,0.3199,-0.1619,0.4109,0.9667,-0.0165,0.0282,0.2536,4.80,4.18,7.63,-0.54,-0.25,9.55,3,1,3,0
15837,0.8347,0.3290,-0.1657,0.4094,0.9667,-0.0165,0.0282,0.2536,5.69,4.49,6.74,-0.53,-0.25,9.58,3,1,3,0
15902,0.8417,0.3226,-0.1601,0.4024,0.9667,-0.0165,0.0282,0.2536,5.94,3.26,4.92,-0.55,-0.24,9.54,3,1,3,0
15969,0.8387,0.3226,-0.1633,0.4071,0.9667,-0.0165,0.0282,0.2536,6.63,3.14,4.27,-0.56,-0.23,9.58,3,1,3,0
16037,0.8181,0.3392,-0.1823,0.4272,0.9667,-0.0165,0.0282,0.2536,5.61,3.46,6.33,-0.56,-0.24,9.57,3,1,3,0
16103,0.8035,0.3501,-0.1818,0.4459,0.9667,-0.0165,0.0282,0.2536,5.32,2.14,2.73,-0.56,-0.24,9.53,3,1,3,0
16169,0.7813,0.3803,-0.1921,0.4561,0.9667,-0.0165,0.0282,0.2536,5.73,3.31,5.63,-0.54,-0.23,9.56,3,1,3,0
16238,0.7759,0.3869,-0.1976,0.4574,0.9667,-0.0165,0.0282,0.2536,5.43,2.94,7.04,-0.55,-0.23,9.57,3,1,3,0
16303,0.7747,0.3925,-0.2062,0.4509,0.9667,-0.0165,0.0282,0.2536,5.72,2.73,4.21,-0.57,-0.24,9.55,3,1,3,0
16369,0.7700,0.4053,-0.2177,0.4420,0.9667,-0.0165,0.0282,0.2536,5.39,3.95,5.43,-0.56,-0.24,9.54,3,1,3,0
16438,0.7708,0.4135,-0.2283,0.4275,0.9667,-0.0165,0.0282,0.2536,7.80,2.86,2.52,-0.55,-0.23,9.59,3,1,3,0
16503,0.7687,0.4243,-0.2401,0.4140,0.9667,-0.0165,0.0282,0.2536,7.56,3.35,1.94,-0.56,-0.25,9.58,3,1,3,0
16570,0.7626,0.4394,-0.2499,0.4037,0.9667,-0.0165,0.0282,0.2536,5.82,6.36,7.83,-0.56,-0.22,9.56,3,1,3,0
16638,0.7750,0.4334,-0.2451,0.3892,0.9667,-0.0165,0.0282,0.2536,7.16,4.08,1.12,-0.56,-0.24,9.60,3,1,3,0
16703,0.7724,0.4442,-0.2501,0.3790,0.9667,-0.0165,0.0282,0.2536,8.02,5.69,2.27,-0.56,-0.25,9.55,3,1,3,0
16771,0.7772,0.4420,-0.2432,0.3762,0.9667,-0.0165,0.0282,0.2536,6.95,4.89,4.00,-0.54,-0.24,9.55,3,1,3,0
16838,0.7766,0.4446,-0.2419,0.3751,0.9667,-0.0165,0.0282,0.2536,6.59,4.54,3.50,-0.55,-0.24,9.58,3,1,3,0
16904,0.7758,0.4474,-0.2429,0.3727,0.9667,-0.0165,0.0282,0.2536,7.41,5.14,4.04,-0.55,-0.25,9.53,3,1,3,0
16970,0.7771,0.4470,-0.2426,0.3708,0.9667,-0.0165,0.0282,0.2536,7.21,4.80,2.93,-0.55,-0.23,9.55,3,1,3,0
17039,0.7744,0.4515,-0.2419,0.3715,0.9667,-0.0165,0.0282,0.2536,8.19,4.83,3.37,-0.56,-0.25,9.60,3,1,3,0
17104,0.7706,0.4537,-0.2396,0.3780,0.9667,-0.0165,0.0282,0.2536,7.89,5.37,4.60,-0.53,-0.24,9.55,3,1,3,0
17171,0.7694,0.4486,-0.2368,0.3882,0.9667,-0.0165,0.0282,0.2536,7.28,4.58,3.83,-0.55,-0.28,9.54,3,1,3,0
17239,0.7632,0.4466,-0.2369,0.4023,0.9667,-0.0165,0.0282,0.2536,7.54,4.61,4.48,-0.54,-0.26,9.59,3,1,3,0
17304,0.7617,0.4371,-0.2331,0.4177,0.9667,-0.0165,0.0282,0.2536,6.91,3.75,4.52,-0.54,-0.22,9.52,3,1,3,0
17371,0.7573,0.4321,-0.2316,0.4314,0.9667,-0.0165,0.0282,0.2536,5.77,3.55,4.24,-0.53,-0.28,9.61,3,1,3,0
17439,0.7554,0.4250,-0.2266,0.4443,0.9667,-0.0165,0.0282,0.2536,5.80,2.54,5.02,-0.55,-0.25,9.57,3,1,3,0
17505,0.7562,0.4183,-0.2207,0.4523,0.9667,-0.0165,0.0282,0.2536,7.02,3.60,5.34,-0.54,-0.22,9.50,3,1,3,0
17571,0.7554,0.4166,-0.2188,0.4561,0.9667,-0.0165,0.0282,0.2536,6.34,4.26,5.53,-0.56,-0.26,9.58,3,1,3,0
17640,0.7571,0.4114,-0.2175,0.4584,0.9667,-0.0164,0.0282,0.2536,5.96,4.21,4.26,-0.54,-0.22,9.56,3,1,3,0
17705,0.7571,0.4117,-0.2172,0.4583,0.9667,-0.0162,0.0283,0.2536,5.72,4.11,4.92,-0.56,-0.23,9.55,3,1,3,0
17772,0.7596,0.4116,-0.2156,0.4551,0.9668,-0.0161,0.0283,0.2536,6.21,3.85,4.05,-0.55,-0.20,9.58,3,1,3,0
17840,0.7620,0.4150,-0.2168,0.4473,0.9668,-0.0161,0.0283,0.2536,5.63,4.34,4.95,-0.55,-0.20,9.52,3,1,3,0
17905,0.7686,0.4169,-0.2141,0.4355,0.9668,-0.0161,0.0283,0.2536,6.77,4.37,3.77,-0.58,-0.24,9.58,3,1,3,0
17972,0.7698,0.4232,-0.2155,0.4265,0.9667,-0.0162,0.0283,0.2536,5.88,5.22,4.18,-0.57,-0.22,9.51,3,1,3,0
18040,0.7748,0.4266,-0.2156,0.4137,0.9667,-0.0166,0.0281,0.2536,7.20,5.55,4.58,-0.56,-0.27,9.56,3,1,3,0
18106,0.7789,0.4294,-0.2172,0.4020,0.9667,-0.0166,0.0281,0.2536,7.57,5.09,4.04,-0.54,-0.24,9.61,3,1,3,0
18172,0.7795,0.4331,-0.2198,0.3955,0.9667,-0.0166,0.0281,0.2536,6.65,5.15,4.73,-0.55,-0.20,9.54,3,1,3,0
18240,0.7809,0.4355,-0.2212,0.3894,0.9667,-0.0166,0.0281,0.2536,7.29,5.11,3.97,-0.58,-0.23,9.58,3,1,3,0
18306,0.7819,0.4350,-0.2204,0.3883,0.9667,-0.0166,0.0281,0.2536,7.35,4.59,3.97,-0.54,-0.24,9.58,3,1,3,0
18372,0.7800,0.4353,-0.2186,0.3929,0.9667,-0.0166,0.0281,0.2536,7.86,4.96,4.98,-0.58,-0.23,9.53,3,1,3,0
18440,0.7867,0.4211,-0.2045,0.4023,0.9667,-0.0166,0.0281,0.2536,7.07,3.75,3.89,-0.56,-0.25,9.58,3,1,3,0
18506,0.7863,0.4156,-0.1946,0.4137,0.9667,-0.0166,0.0281,0.2536,6.65,4.72,6.03,-0.55,-0.24,9.55,3,1,3,0
18573,0.7933,0.4000,-0.1782,0.4230,0.9667,-0.0166,0.0281,0.2536,5.89,3.83,4.06,-0.56,-0.25,9.58,3,1,3,0
18640,0.7965,0.3890,-0.1591,0.4346,0.9667,-0.0166,0.0281,0.2536,6.16,4.18,5.96,-0.54,-0.27,9.57,3,1,3,0
18706,0.8037,0.3698,-0.1366,0.4456,0.9667,-0.0166,0.0281,0.2536,5.66,3.82,6.16,-0.56,-0.24,9.55,3,1,3,0
18772,0.8105,0.3481,-0.1126,0.4573,0.9667,-0.0166,0.0281,0.2536,4.97,3.61,5.46,-0.54,-0.28,9.56,3,1,3,0
18840,0.8160,0.3262,-0.0800,0.4706,0.9667,-0.0166,0.0281,0.2536,4.33,3.98,7.39,-0.55,-0.23,9.57,3,1,3,0
18907,0.8226,0.2966,-0.0381,0.4836,0.9667,-0.0166,0.0281,0.2536,3.72,4.52,8.57,-0.56,-0.24,9.54,3,1,3,0
18973,0.8257,0.2677,-0.0029,0.4965,0.9667,-0.0166,0.0281,0.2536,2.12,4.03,7.34,-0.56,-0.24,9.55,3,1,3,0
19041,0.8220,0.2491,0.0219,0.5116,0.9667,-0.0166,0.0281,0.2536,1.63,4.27,8.08,-0.55,-0.27,9.57,3,1,3,0
19107,0.8120,0.2615,0.0178,0.5216,0.9667,-0.0166,0.0281,0.2536,3.27,2.18,5.90,-0.56,-0.23,9.50,3,1,3,0
19174,0.7907,0.3107,-0.0273,0.5267,0.9667,-0.0166,0.0281,0.2536,5.00,3.53,5.68,-0.54,-0.28,9.60,3,1,3,0
19243,0.7635,0.3716,-0.0883,0.5208,0.9667,-0.0166,0.0281,0.2536,4.48,6.48,11.15,-0.56,-0.24,9.58,3,1,3,0
19308,0.7689,0.3749,-0.1080,0.5065,0.9667,-0.0166,0.0281,0.2536,5.35,2.97,1.25,-0.56,-0.22,9.55,3,1,3,0
19376,0.7520,0.4129,-0.1436,0.4935,0.9667,-0.0166,0.0281,0.2536,3.47,6.67,10.02,-0.57,-0.23,9.58,3,1,3,0
19444,0.7627,0.4210,-0.1489,0.4679,0.9667,-0.0166,0.0281,0.2536,8.10,3.35,2.04,-0.56,-0.22,9.54,3,1,3,0
19510,0.7563,0.4500,-0.1696,0.4436,0.9667,-0.0166,0.0281,0.2536,5.32,8.70,8.03,-0.56,-0.24,9.55,3,1,3,0
19577,0.7812,0.4459,-0.1576,0.4075,0.9667,-0.0166,0.0281,0.2536,3.87,6.22,4.48,-0.56,-0.24,9.55,3,1,3,0
19646,0.8059,0.4391,-0.1325,0.3744,0.9667,-0.0166,0.0281,0.2536,6.12,5.52,2.92,-0.56,-0.21,9.53,3,1,3,0
19712,0.8207,0.4317,-0.1164,0.3555,0.9667,-0.0166,0.0281,0.2536,5.43,5.28,3.38,-0.54,-0.22,9.56,3,1,3,0
19779,0.7251,0.1255,-0.4318,-0.5215,0.9667,-0.0166,0.0281,0.2536,4.86,6.31,4.84,-0.56,-0.25,9.60,3,2,3,0
19847,0.7178,0.1215,-0.4456,-0.5211,0.9667,-0.0166,0.0281,0.2536,4.72,6.71,5.94,-0.56,-0.24,9.56,3,2,3,0
19912,0.7096,0.1177,-0.4604,-0.5202,0.9667,-0.0166,0.0281,0.2536,6.60,6.21,2.39,-0.56,-0.23,9.55,3,2,3,0
19980,0.6969,0.1123,-0.4966,-0.5051,0.9667,-0.0166,0.0281,0.2536,6.93,7.09,3.62,-0.56,-0.25,9.58,3,2,3,0
20047,0.6824,0.1083,-0.5342,-0.4871,0.9667,-0.0166,0.0281,0.2536,7.20,6.45,3.28,-0.55,-0.23,9.57,3,2,3,0
20113,0.6676,0.1007,-0.5760,-0.4608,0.9667,-0.0166,0.0281,0.2536,8.05,5.80,1.92,-0.55,-0.23,9.50,3,2,3,0
20180,0.6555,0.0886,-0.6181,-0.4247,0.9667,-0.0166,0.0281,0.2536,8.09,5.31,1.87,-0.55,-0.23,9.59,3,2,3,0
20248,0.6429,0.0762,-0.6611,-0.3793,0.9667,-0.0166,0.0281,0.2536,7.14,6.03,1.61,-0.55,-0.25,9.59,3,2,3,0
20314,0.6427,0.0702,-0.6747,-0.3561,0.9667,-0.0166,0.0281,0.2536,8.61,3.93,-1.28,-0.54,-0.22,9.51,3,2,3,0
20381,0.6432,0.0618,-0.6906,-0.3249,0.9667,-0.0166,0.0281,0.2536,8.58,4.78,1.04,-0.55,-0.26,9.56,3,2,3,0
20449,0.6537,0.0495,-0.6899,-0.3069,0.9667,-0.0166,0.0281,0.2536,8.71,3.53,-0.94,-0.55,-0.23,9.59,3,2,3,0
20513,0.6567,0.0333,-0.6992,-0.2806,0.9667,-0.0166,0.0281,0.2536,8.00,4.20,-0.84,-0.56,-0.22,9.56,3,2,3,0
20581,0.6619,0.0153,-0.7054,-0.2531,0.9667,-0.0165,0.0281,0.2536,9.08,2.81,-0.89,-0.55,-0.22,9.56,3,2,3,0
20648,0.6599,-0.0060,-0.7186,-0.2195,0.9668,-0.0162,0.0281,0.2536,9.20,2.46,-0.70,-0.56,-0.22,9.52,3,2,3,0
20714,0.6646,-0.0276,-0.7203,-0.1966,0.9668,-0.0161,0.0282,0.2536,7.98,3.84,-0.37,-0.47,-0.49,9.57,3,2,3,0
20782,0.6730,-0.0485,-0.7151,-0.1826,0.9639,-0.0160,0.0283,0.2645,9.10,2.48,0.54,-0.34,-1.06,9.56,3,2,3,0
20847,0.7011,-0.0599,-0.6820,-0.1993,0.9504,-0.0175,0.0282,0.3093,8.68,2.08,-2.64,-0.64,0.51,9.55,3,2,3,0
20913,0.7070,-0.0630,-0.6737,-0.2056,0.9409,-0.0180,0.0283,0.3372,9.32,2.83,4.04,-0.52,0.80,9.54,3,2,3,0
20979,0.7352,-0.0604,-0.6308,-0.2408,0.9407,-0.0181,0.0282,0.3374,10.23,-0.22,-2.75,-0.57,-0.19,9.58,3,2,3,0
21047,0.7280,-0.0775,-0.6414,-0.2294,0.9407,-0.0181,0.0281,0.3374,7.96,3.36,3.80,-0.58,-0.23,9.57,3,2,3,0
21112,0.7528,-0.0732,-0.5975,-0.2665,0.9408,-0.0182,0.0281,0.3374,10.23,1.65,0.50,-0.57,-0.24,9.54,3,2,3,0
21180,0.7622,-0.0574,-0.5715,-0.2986,0.9408,-0.0183,0.0280,0.3374,9.07,3.01,1.25,-0.59,-0.22,9.58,3,2,3,0
21246,0.7717,-0.0205,-0.5307,-0.3498,0.9408,-0.0185,0.0277,0.3374,5.85,6.04,6.92,-0.55,-0.26,9.60,3,2,3,0
21312,0.7804,0.0239,-0.4785,-0.4018,0.9408,-0.0186,0.0276,0.3374,5.28,5.27,3.02,-0.56,-0.23,9.49,3,2,3,0
21380,0.7787,0.0501,-0.4655,-0.4177,0.9408,-0.0187,0.0275,0.3374,8.47,4.22,6.00,-0.56,-0.25,9.59,3,2,3,0
21447,0.7796,0.0596,-0.4525,-0.4288,0.9408,-0.0188,0.0275,0.3374,5.74,3.71,3.50,-0.56,-0.25,9.56,3,2,3,0
21513,0.7724,0.0652,-0.4664,-0.4261,0.9408,-0.0189,0.0273,0.3374,5.18,6.00,5.95,-0.56,-0.23,9.53,3,2,3,0
21580,0.7717,0.0596,-0.4669,-0.4276,0.9408,-0.0189,0.0273,0.3374,5.93,4.64,5.41,-0.56,-0.25,9.61,3,2,3,0
21647,0.7722,0.0612,-0.4590,-0.4352,0.9408,-0.0190,0.0272,0.3374,7.42,3.83,3.85,-0.56,-0.23,9.57,3,2,3,0
21712,0.7728,0.0690,-0.4568,-0.4352,0.9408,-0.0190,0.0272,0.3374,6.05,4.37,5.47,-0.55,-0.23,9.52,3,2,3,0
21780,0.7759,0.0783,-0.4433,-0.4420,0.9408,-0.0191,0.0271,0.3374,6.11,4.15,4.87,-0.56,-0.24,9.58,3,2,3,0
21847,0.7794,0.0775,-0.4308,-0.4483,0.9408,-0.0192,0.0270,0.3374,6.48,4.09,3.63,-0.56,-0.25,9.55,3,2,3,0
21913,0.7798,0.0773,-0.4321,-0.4464,0.9408,-0.0192,0.0269,0.3374,5.27,5.43,7.23,-0.55,-0.22,9.55,3,2,3,0
21979,0.7825,0.0802,-0.4197,-0.4529,0.9408,-0.0192,0.0269,0.3374,6.29,4.72,4.14,-0.57,-0.23,9.56,3,2,3,0
22046,0.7833,0.0776,-0.4249,-0.4472,0.9408,-0.0193,0.0269,0.3374,6.15,4.37,4.07,-0.56,-0.25,9.55,3,2,3,0
22113,0.7831,0.0748,-0.4274,-0.4455,0.9408,-0.0193,0.0269,0.3374,5.79,4.20,4.80,-0.56,-0.25,9.56,3,2,3,0
22178,0.7831,0.0757,-0.4311,-0.4418,0.9408,-0.0193,0.0269,0.3374,5.39,4.45,5.65,-0.56,-0.25,9.57,3,2,3,0
22245,0.7822,0.0767,-0.4313,-0.4430,0.9408,-0.0193,0.0269,0.3374,5.96,5.19,6.48,-0.57,-0.23,9.59,3,2,3,0
22311,0.7827,0.0776,-0.4290,-0.4443,0.9408,-0.0193,0.0269,0.3374,5.90,4.62,5.07,-0.57,-0.23,9.58,3,2,3,0
22377,0.7831,0.0803,-0.4272,-0.4448,0.9408,-0.0193,0.0269,0.3374,5.87,4.83,5.93,-0.58,-0.27,9.58,3,2,3,0
22445,0.7854,0.0817,-0.4205,-0.4468,0.9408,-0.0193,0.0269,0.3374,6.66,5.17,5.83,-0.56,-0.21,9.53,3,2,3,0
22511,0.7877,0.0803,-0.4129,-0.4501,0.9408,-0.0193,0.0269,0.3374,6.15,5.25,5.41,-0.56,-0.25,9.60,3,2,3,0
22577,0.7941,0.0771,-0.4030,-0.4484,0.9408,-0.0193,0.0269,0.3374,5.71,5.67,5.61,-0.55,-0.22,9.56,3,2,3,0
22644,0.7983,0.0732,-0.3983,-0.4457,0.9408,-0.0193,0.0269,0.3374,5.54,4.67,5.50,-0.57,-0.23,9.55,3,2,3,0
22710,0.8040,0.0721,-0.3989,-0.4352,0.9408,-0.0193,0.0269,0.3374,5.53,3.96,5.26,-0.56,-0.24,9.56,3,2,3,0
22775,0.8063,0.0714,-0.4060,-0.4242,0.9408,-0.0193,0.0269,0.3374,5.25,3.43,5.98,-0.56,-0.22,9.57,3,2,3,0
22842,0.8070,0.0728,-0.4166,-0.4122,0.9408,-0.0193,0.0269,0.3374,6.07,3.25,4.03,-0.57,-0.23,9.56,3,2,3,0
22908,0.7970,0.0752,-0.4608,-0.3831,0.9408,-0.0193,0.0269,0.3374,5.36,5.79,8.90,-0.57,-0.22,9.56,3,2,3,0
22975,0.7910,0.0791,-0.4780,-0.3737,0.9408,-0.0193,0.0269,0.3374,7.13,2.91,2.03,-0.57,-0.24,9.53,3,2,3,0
23041,0.7740,0.0821,-0.5260,-0.3428,0.9408,-0.0193,0.0269,0.3374,8.30,4.14,3.79,-0.56,-0.27,9.58,3,2,3,0
23107,0.7670,0.0827,-0.5419,-0.3335,0.9408,-0.0193,0.0269,0.3374,7.45,6.25,7.34,-0.56,-0.23,9.56,3,2,3,0
23174,0.7698,0.0808,-0.5360,-0.3369,0.9408,-0.0193,0.0269,0.3374,8.61,4.43,1.97,-0.56,-0.23,9.51,3,2,3,0
23239,0.7705,0.0807,-0.5372,-0.3334,0.9408,-0.0193,0.0269,0.3374,6.65,5.37,6.31,-0.55,-0.26,9.57,3,2,3,0
23307,0.7785,0.0791,-0.5173,-0.3466,0.9408,-0.0193,0.0269,0.3374,7.35,3.56,2.61,-0.57,-0.25,9.55,3,2,3,0
23373,0.7779,0.0757,-0.5124,-0.3558,0.9408,-0.0193,0.0269,0.3374,6.65,4.61,4.86,-0.56,-0.24,9.54,3,2,3,0
23440,0.7793,0.0731,-0.4993,-0.3715,0.9408,-0.0193,0.0269,0.3374,5.59,3.42,4.32,-0.57,-0.24,9.60,3,2,3,0
23507,0.7742,0.0704,-0.4980,-0.3843,0.9408,-0.0193,0.0269,0.3374,7.58,4.50,2.79,-0.56,-0.24,9.57,3,2,3,0
23574,0.7656,0.0638,-0.5056,-0.3926,0.9408,-0.0193,0.0269,0.3374,6.11,4.99,5.38,-0.56,-0.23,9.57,3,2,3,0
23641,0.7604,0.0557,-0.4976,-0.4136,0.9408,-0.0193,0.0269,0.3374,7.85,3.50,1.58,-0.56,-0.24,9.56,3,2,3,0
23707,0.7521,0.0482,-0.5090,-0.4158,0.9408,-0.0193,0.0269,0.3374,6.96,5.19,2.55,-0.56,-0.25,9.55,3,2,3,0
23774,0.7474,0.0475,-0.5042,-0.4301,0.9408,-0.0193,0.0269,0.3374,8.04,4.85,1.81,-0.55,-0.26,9.53,3,2,3,0
23840,0.7430,0.0466,-0.5157,-0.4239,0.9408,-0.0193,0.0269,0.3374,7.97,5.42,2.26,-0.57,-0.26,9.57,3,2,3,0
23908,0.7443,0.0517,-0.5202,-0.4155,0.9408,-0.0193,0.0269,0.3374,7.84,5.90,4.68,-0.57,-0.22,9.52,3,2,3,0
23974,0.7470,0.0514,-0.5225,-0.4080,0.9408,-0.0193,0.0269,0.3374,8.19,4.61,2.60,-0.55,-0.24,9.57,3,2,3,0
24041,0.7513,0.0534,-0.5285,-0.3915,0.9408,-0.0193,0.0269,0.3374,7.61,4.62,3.12,-0.57,-0.24,9.59,3,2,3,0
24109,0.7592,0.0592,-0.5260,-0.3787,0.9408,-0.0193,0.0269,0.3374,6.89,4.30,2.73,-0.56,-0.23,9.55,3,2,3,0
24175,0.7631,0.0642,-0.5275,-0.3679,0.9408,-0.0193,0.0269,0.3374,6.67,5.66,5.54,-0.57,-0.26,9.56,3,2,3,0
24242,0.7695,0.0690,-0.5218,-0.3618,0.9408,-0.0193,0.0269,0.3374,6.82,4.39,2.72,-0.55,-0.23,9.55,3,2,3,0
24308,0.7721,0.0728,-0.5227,-0.3540,0.9408,-0.0193,0.0269,0.3374,6.71,4.31,3.32,-0.56,-0.23,9.55,3,2,3,0
24376,0.7765,0.0806,-0.5161,-0.3525,0.9408,-0.0193,0.0269,0.3374,6.33,4.68,6.07,-0.56,-0.27,9.56,3,2,3,0
24442,0.7817,0.0864,-0.5025,-0.3592,0.9408,-0.0193,0.0269,0.3374,6.61,3.89,4.14,-0.56,-0.22,9.52,3,2,3,0
24509,0.7874,0.0964,-0.4844,-0.3688,0.9408,-0.0193,0.0269,0.3374,6.25,4.53,6.49,-0.57,-0.26,9.58,3,2,3,0
24576,0.7921,0.1058,-0.4583,-0.3892,0.9408,-0.0193,0.0269,0.3374,6.45,4.26,4.30,-0.56,-0.24,9.52,3,2,3,0
24641,0.7935,0.1187,-0.4318,-0.4122,0.9408,-0.0193,0.0269,0.3374,5.32,5.08,5.78,-0.58,-0.26,9.56,3,2,3,0
24709,0.7932,0.1298,-0.4034,-0.4374,0.9408,-0.0193,0.0269,0.3374,5.82,5.39,5.31,-0.57,-0.27,9.61,3,2,3,0
24775,0.7914,0.1366,-0.3905,-0.4500,0.9408,-0.0193,0.0269,0.3374,5.66,4.97,4.97,-0.55,-0.25,9.53,3,2,3,0
24842,0.7897,0.1391,-0.3853,-0.4568,0.9408,-0.0193,0.0269,0.3374,5.59,6.77,7.24,-0.57,-0.22,9.60,3,2,3,0
24909,0.7898,0.1329,-0.3860,-0.4577,0.9408,-0.0193,0.0269,0.3374,5.61,5.78,5.96,-0.55,-0.18,9.52,3,2,3,0
24975,0.7881,0.1206,-0.3959,-0.4555,0.9408,-0.0193,0.0269,0.3374,4.77,5.28,6.23,-0.56,-0.25,9.61,3,2,3,0
25041,0.7879,0.1057,-0.3981,-0.4578,0.9408,-0.0193,0.0269,0.3374,5.33,4.56,4.93,-0.56,-0.21,9.50,3,2,3,0
25110,0.7867,0.0959,-0.4025,-0.4581,0.9408,-0.0193,0.0269,0.3374,5.06,4.57,5.08,-0.53,-0.21,9.58,3,2,3,0
25176,0.7872,0.0907,-0.4009,-0.4598,0.9408,-0.0193,0.0269,0.3374,5.54,4.78,6.24,-0.56,-0.24,9.55,3,2,3,0
25242,0.7896,0.0893,-0.3950,-0.4610,0.9408,-0.0193,0.0269,0.3374,5.30,4.74,5.82,-0.54,-0.19,9.52,3,2,3,0
25310,0.7914,0.0856,-0.3932,-0.4601,0.9408,-0.0193,0.0269,0.3374,4.67,4.92,6.19,-0.55,-0.23,9.57,3,2,3,0
25376,0.7904,0.0839,-0.3898,-0.4651,0.9408,-0.0193,0.0269,0.3374,5.22,4.55,5.84,-0.57,-0.26,9.57,3,2,3,0
25443,0.7897,0.0811,-0.3902,-0.4663,0.9408,-0.0193,0.0269,0.3374,5.31,4.63,5.37,-0.54,-0.22,9.55,3,2,3,0
25510,0.7880,0.0730,-0.3718,-0.4852,0.9408,-0.0193,0.0269,0.3374,5.26,2.94,4.95,-0.57,-0.24,9.59,3,2,3,0
25576,0.7856,0.0671,-0.3716,-0.4902,0.9408,-0.0193,0.0269,0.3374,5.31,5.02,6.86,-0.54,-0.23,9.55,3,2,3,0
25643,0.7841,0.0671,-0.3539,-0.5055,0.9408,-0.0193,0.0269,0.3374,5.75,4.57,6.85,-0.56,-0.22,9.55,3,2,3,0
25711,0.7805,0.0590,-0.3403,-0.5211,0.9408,-0.0193,0.0269,0.3374,3.95,3.93,6.42,-0.58,-0.27,9.60,3,2,3,0
25777,0.7737,0.0518,-0.3310,-0.5377,0.9408,-0.0193,0.0269,0.3374,4.73,4.07,6.78,-0.54,-0.23,9.50,3,2,3,0
25843,0.7703,0.0381,-0.3109,-0.5555,0.9408,-0.0193,0.0269,0.3374,5.35,5.77,7.60,-0.57,-0.22,9.53,3,2,3,0
25911,0.7620,0.0292,-0.2949,-0.5758,0.9408,-0.0193,0.0269,0.3374,4.06,3.78,7.12,-0.56,-0.26,9.62,3,2,3,0
25976,0.7558,0.0298,-0.2966,-0.5830,0.9408,-0.0193,0.0269,0.3374,3.85,3.61,7.31,-0.55,-0.21,9.51,3,2,3,0
26043,0.7484,0.0271,-0.2957,-0.5930,0.9408,-0.0193,0.0269,0.3374,4.14,4.04,7.34,-0.58,-0.22,9.55,3,2,3,0
26110,0.7358,0.0222,-0.2917,-0.6108,0.9408,-0.0193,0.0269,0.3374,4.10,3.36,7.78,-0.54,-0.24,9.60,3,2,3,0
26176,0.7273,0.0171,-0.2930,-0.6204,0.9408,-0.0193,0.0269,0.3374,3.37,3.60,6.77,-0.58,-0.22,9.52,3,2,3,0
26244,0.7111,0.0115,-0.2804,-0.6447,0.9408,-0.0193,0.0269,0.3374,3.70,3.17,7.07,-0.57,-0.24,9.58,3,2,3,0
26311,0.7075,-0.0272,-0.2618,-0.6558,0.9408,-0.0193,0.0269,0.3374,3.97,4.83,8.50,-0.58,-0.25,9.59,3,2,3,0
26377,0.6990,-0.0618,-0.2266,-0.6754,0.9408,-0.0193,0.0269,0.3374,3.27,0.14,8.52,-0.57,-0.20,9.50,3,2,3,0
26443,0.7006,-0.0790,-0.2191,-0.6744,0.9408,-0.0193,0.0269,0.3374,3.53,3.30,8.17,-0.55,-0.22,9.61,3,2,3,0
26511,0.6920,-0.0809,-0.2213,-0.6824,0.9408,-0.0193,0.0269,0.3374,4.25,0.81,7.80,-0.56,-0.23,9.57,3,2,3,0
26576,0.6863,-0.0971,-0.2180,-0.6871,0.9408,-0.0193,0.0269,0.3374,4.44,2.87,8.39,-0.54,-0.23,9.52,3,2,3,0
26644,0.6613,-0.1106,-0.1846,-0.7186,0.9408,-0.0193,0.0269,0.3374,3.50,0.45,7.57,-0.55,-0.25,9.57,3,2,3,0
26712,0.6459,-0.1138,-0.1685,-0.7358,0.9408,-0.0193,0.0269,0.3374,4.76,0.59,10.10,-0.56,-0.24,9.57,3,2,3,0
26777,0.6329,-0.0914,-0.1573,-0.7526,0.9408,-0.0193,0.0269,0.3374,3.46,1.21,10.63,-0.53,-0.24,9.54,3,2,3,0
26845,0.6221,-0.0808,-0.1389,-0.7663,0.9408,-0.0193,0.0269,0.3374,3.08,0.82,9.74,-0.57,-0.26,9.57,3,2,3,0
26912,0.6159,-0.0839,-0.1238,-0.7735,0.9408,-0.0193,0.0269,0.3374,2.33,0.97,6.76,-0.56,-0.23,9.58,3,2,3,0
26978,0.6129,-0.0747,-0.1184,-0.7776,0.9408,-0.0193,0.0269,0.3374,1.81,0.52,6.68,-0.56,-0.23,9.53,3,2,3,0
27044,0.6024,-0.0646,-0.1204,-0.7864,0.9408,-0.0193,0.0269,0.3374,-0.92,2.72,7.99,-0.56,-0.23,9.57,3,2,3,0
27112,0.5762,-0.0554,-0.1296,-0.8050,0.9408,-0.0193,0.0269,0.3374,1.54,2.74,10.18,-0.54,-0.22,9.55,3,2,3,0
27179,0.5450,-0.0496,-0.1376,-0.8256,0.9408,-0.0193,0.0269,0.3374,4.98,0.93,7.90,-0.55,-0.22,9.53,3,2,3,0
27245,0.5099,-0.0588,-0.1412,-0.8465,0.9408,-0.0193,0.0269,0.3374,4.67,0.10,5.86,-0.57,-0.24,9.58,3,2,3,0
27313,0.4841,-0.0801,-0.1483,-0.8586,0.9408,-0.0193,0.0269,0.3374,1.47,2.71,6.97,-0.55,-0.22,9.56,3,3,3,0
27378,0.4666,-0.0928,-0.1592,-0.8651,0.9408,-0.0193,0.0269,0.3374,4.66,1.52,10.11,-0.55,-0.24,9.54,3,3,3,0
27446,0.4644,-0.1074,-0.1662,-0.8633,0.9408,-0.0193,0.0269,0.3374,4.59,2.03,8.66,-0.56,-0.24,9.59,3,3,3,0
27513,0.4729,-0.1186,-0.1722,-0.8560,0.9408,-0.0193,0.0269,0.3374,4.90,0.83,7.13,-0.56,-0.22,9.54,3,3,3,0
27579,0.4902,-0.1119,-0.1683,-0.8479,0.9408,-0.0193,0.0269,0.3374,4.01,1.47,7.66,-0.57,-0.23,9.54,3,3,3,0
27646,0.5153,-0.0987,-0.1648,-0.8352,0.9408,-0.0193,0.0269,0.3374,3.49,1.58,8.69,-0.55,-0.23,9.57,3,3,3,0
27714,0.5454,-0.0844,-0.1552,-0.8194,0.9408,-0.0193,0.0269,0.3374,2.48,1.97,8.53,-0.57,-0.21,9.54,3,3,3,0
27780,0.5689,-0.0780,-0.1488,-0.8051,0.9408,-0.0193,0.0269,0.3374,3.07,1.86,9.27,-0.57,-0.23,9.54,3,3,3,0
27846,0.5961,-0.0690,-0.1298,-0.7894,0.9408,-0.0193,0.0269,0.3374,1.17,2.65,8.86,-0.56,-0.21,9.56,3,3,3,0
27914,0.6150,-0.0662,-0.1116,-0.7778,0.9408,-0.0193,0.0269,0.3374,2.24,0.54,8.60,-0.56,-0.22,9.53,3,3,3,0
27979,0.6310,-0.0624,-0.1055,-0.7661,0.9408,-0.0193,0.0269,0.3374,2.68,0.06,8.46,-0.54,-0.22,9.56,3,3,3,0
28047,0.6462,-0.0560,-0.1072,-0.7535,0.9408,-0.0193,0.0269,0.3374,1.89,0.61,8.30,-0.56,-0.23,9.57,3,3,3,0
28114,0.6559,-0.0536,-0.1174,-0.7438,0.9408,-0.0193,0.0269,0.3374,1.72,1.53,8.83,-0.55,-0.21,9.55,3,3,3,0
28180,0.6599,-0.0532,-0.1263,-0.7387,0.9408,-0.0193,0.0269,0.3374,1.72,2.30,9.68,-0.58,-0.22,9.56,3,3,3,0
28248,0.6602,-0.0554,-0.1360,-0.7366,0.9408,-0.0193,0.0269,0.3374,2.86,1.97,8.63,-0.56,-0.22,9.57,3,3,3,0
28314,0.6602,-0.0535,-0.1376,-0.7365,0.9408,-0.0193,0.0269,0.3374,1.68,2.79,7.21,-0.57,-0.22,9.57,3,3,3,0
28380,0.6564,-0.0554,-0.1424,-0.7388,0.9408,-0.0193,0.0269,0.3374,1.50,2.34,9.16,-0.56,-0.21,9.55,3,3,3,0
28447,0.6459,-0.0557,-0.1442,-0.7476,0.9408,-0.0193,0.0269,0.3374,1.50,1.49,8.61,-0.56,-0.22,9.53,3,3,3,0
28515,0.6321,-0.0656,-0.1486,-0.7577,0.9408,-0.0193,0.0269,0.3374,2.14,-0.19,8.97,-0.57,-0.20,9.57,3,3,3,0
28580,0.6207,-0.0586,-0.1459,-0.7681,0.9408,-0.0193,0.0269,0.3374,1.98,-0.17,10.67,-0.57,-0.21,9.56,3,3,3,0
28648,0.6045,-0.0554,-0.1387,-0.7825,0.9408,-0.0193,0.0269,0.3374,1.93,0.05,9.11,-0.56,-0.22,9.55,3,3,3,0
28716,0.5898,-0.0575,-0.1301,-0.7949,0.9408,-0.0193,0.0269,0.3374,3.19,0.07,7.72,-0.61,-0.28,9.66,3,3,3,0
28780,0.5791,-0.0611,-0.1296,-0.8026,0.9408,-0.0193,0.0269,0.3374,3.27,0.64,8.03,-0.50,-0.15,9.35,3,3,3,0
28849,0.5718,-0.0463,-0.1281,-0.8090,0.9408,-0.0193,0.0269,0.3374,2.96,1.09,8.58,-0.62,-0.29,9.70,3,3,3,0
28915,0.5692,-0.0338,-0.1273,-0.8116,0.9408,-0.0193,0.0269,0.3374,2.61,1.95,9.17,-0.54,-0.23,9.51,3,3,3,0
28981,0.5695,-0.0296,-0.1251,-0.8119,0.9408,-0.0193,0.0269,0.3374,2.11,2.22,9.81,-0.57,-0.20,9.50,3,3,3,0
29048,0.5688,-0.0297,-0.1208,-0.8130,0.9408,-0.0193,0.0269,0.3374,2.11,1.68,8.78,-0.56,-0.46,9.80,3,3,3,0
29116,0.5715,-0.0448,-0.1225,-0.8102,0.9408,-0.0192,0.0270,0.3374,2.61,1.77,8.71,-0.52,-0.15,9.47,3,3,3,0
29181,0.5812,-0.0585,-0.1237,-0.8021,0.9408,-0.0192,0.0270,0.3374,2.07,1.57,7.79,-0.62,-0.21,9.55,3,3,3,0
29249,0.5932,-0.0720,-0.1331,-0.7907,0.9408,-0.0192,0.0270,0.3374,3.08,2.12,9.30,-0.52,-0.30,9.66,3,3,3,0
29317,0.6011,-0.0785,-0.1420,-0.7826,0.9408,-0.0192,0.0270,0.3374,3.44,1.52,8.85,-0.57,-0.21,9.51,3,3,3,0
29381,0.6058,-0.0862,-0.1539,-0.7758,0.9408,-0.0192,0.0270,0.3374,3.37,1.84,8.84,-0.56,-0.24,9.60,3,3,3,0
29450,0.6126,-0.0927,-0.1609,-0.7682,0.9408,-0.0192,0.0270,0.3374,3.16,1.58,9.02,-0.54,-0.25,9.62,3,3,3,0
29516,0.6182,-0.0950,-0.1647,-0.7627,0.9408,-0.0192,0.0270,0.3374,3.16,1.40,7.88,-0.58,-0.19,9.55,3,3,3,0
29582,0.6193,-0.0966,-0.1670,-0.7611,0.9408,-0.0192,0.0270,0.3374,3.00,1.17,8.59,-0.55,-0.23,9.58,3,3,3,0
29649,0.6227,-0.0973,-0.1669,-0.7582,0.9408,-0.0192,0.0270,0.3374,2.02,1.47,9.94,-0.57,-0.26,9.59,3,3,3,0
29717,0.6215,-0.0936,-0.1644,-0.7602,0.9408,-0.0192,0.0270,0.3374,2.28,1.04,9.01,-0.57,-0.21,9.56,3,3,3,0
29783,0.6163,-0.0894,-0.1603,-0.7658,0.9408,-0.0192,0.0270,0.3374,2.34,1.30,9.12,-0.54,-0.21,9.50,3,3,3,0
29850,0.6116,-0.0804,-0.1551,-0.7717,0.9408,-0.0192,0.0270,0.3374,2.09,1.45,8.61,-0.58,-0.24,9.63,3,3,3,0
29917,0.6019,-0.0826,-0.1561,-0.7787,0.9408,-0.0192,0.0270,0.3374,2.95,1.80,8.73,-0.55,-0.24,9.53,3,3,3,0
29982,0.5894,-0.0911,-0.1652,-0.7855,0.9408,-0.0192,0.0270,0.3374,3.60,1.62,8.06,-0.54,-0.18,9.50,3,3,3,0
30050,0.5770,-0.1198,-0.1794,-0.7877,0.9408,-0.0192,0.0270,0.3374,4.92,2.17,9.59,-0.84,-0.35,9.65,3,3,3,0
30115,0.5677,-0.1396,-0.1845,-0.7900,0.9371,-0.0192,0.0279,0.3475,4.24,1.85,6.05,1.42,0.65,9.70,3,3,3,0
30180,0.5608,-0.1802,-0.1990,-0.7832,0.9377,-0.0193,0.0278,0.3457,5.12,1.55,6.84,-0.58,-0.21,9.50,3,3,3,0
30247,0.5511,-0.2501,-0.2286,-0.7626,0.9377,-0.0195,0.0275,0.3457,6.50,2.37,12.16,-0.55,-0.26,9.57,3,3,3,0
30316,0.5456,-0.2640,-0.2371,-0.7592,0.9377,-0.0195,0.0273,0.3457,6.71,0.00,5.82,-0.60,-0.22,9.54,3,3,3,0
30381,0.5524,-0.2264,-0.2159,-0.7726,0.9377,-0.0195,0.0273,0.3457,6.70,0.89,7.06,-0.56,-0.22,9.50,3,3,3,0
30448,0.5660,-0.1320,-0.1638,-0.7971,0.9377,-0.0195,0.0273,0.3457,3.66,1.86,9.89,-0.57,-0.25,9.59,3,3,3,0
30517,0.5717,-0.0406,-0.0987,-0.8135,0.9377,-0.0195,0.0273,0.3457,1.20,1.32,8.10,-0.56,-0.22,9.51,3,3,3,0
30581,0.5739,0.0107,-0.0582,-0.8168,0.9377,-0.0195,0.0273,0.3457,0.56,0.52,7.06,-0.55,-0.24,9.58,3,3,3,0
30649,0.5715,0.0616,-0.0192,-0.8181,0.9377,-0.0195,0.0273,0.3457,-1.16,0.83,8.72,-0.57,-0.24,9.56,3,3,3,0
30716,0.5673,0.0941,0.0084,-0.8181,0.9377,-0.0195,0.0273,0.3457,-1.67,0.69,9.38,-0.53,-0.20,9.53,3,3,3,0
30781,0.5664,0.1095,0.0234,-0.8165,0.9377,-0.0195,0.0273,0.3457,-2.18,0.86,7.47,-0.55,-0.21,9.57,3,3,3,0
30849,0.5769,0.0776,0.0082,-0.8131,0.9377,-0.0195,0.0273,0.3457,-0.44,0.32,9.60,-0.59,-0.25,9.58,3,3,3,0
30916,0.5927,0.0112,-0.0145,-0.8052,0.9377,-0.0195,0.0273,0.3457,0.55,0.95,14.53,-0.53,-0.21,9.54,3,3,3,0
30982,0.6001,-0.0027,-0.0079,-0.7999,0.9377,-0.0195,0.0273,0.3457,0.08,-0.97,9.74,-0.58,-0.24,9.57,3,3,3,0
31049,0.6191,-0.0526,-0.0013,-0.7836,0.9377,-0.0195,0.0273,0.3457,0.57,-0.87,7.56,-0.57,-0.22,9.53,3,3,3,0
31117,0.6278,-0.1001,0.0096,-0.7719,0.9377,-0.0195,0.0273,0.3457,0.88,-1.28,10.23,-0.54,-0.23,9.57,3,3,3,0
31181,0.6302,-0.1278,0.0355,-0.7650,0.9377,-0.0195,0.0273,0.3457,1.31,-2.00,7.69,-0.57,-0.23,9.56,3,3,3,0
31249,0.6313,-0.1465,0.0746,-0.7579,0.9377,-0.0195,0.0273,0.3457,1.63,-2.45,9.65,-0.53,-0.22,9.57,3,3,3,0
31316,0.6236,-0.1189,0.1135,-0.7642,0.9377,-0.0195,0.0273,0.3457,0.85,-3.27,7.55,-0.56,-0.22,9.57,3,3,3,0
31382,0.6078,-0.0742,0.1420,-0.7778,0.9377,-0.0195,0.0273,0.3457,-1.44,-2.37,4.66,-0.58,-0.23,9.54,3,3,3,0
31450,0.5792,-0.0418,0.1559,-0.7991,0.9377,-0.0195,0.0273,0.3457,-1.99,-1.32,9.96,-0.55,-0.22,9.54,3,3,3,0
31516,0.5443,-0.0115,0.1506,-0.8252,0.9377,-0.0195,0.0273,0.3457,-0.40,-2.34,8.56,-0.57,-0.24,9.54,3,3,3,0
31582,0.5268,0.0078,0.1272,-0.8404,0.9377,-0.0195,0.0273,0.3457,-0.35,-2.59,11.13,-0.56,-0.24,9.56,3,3,3,0
31650,0.5162,0.0145,0.0991,-0.8506,0.9377,-0.0195,0.0273,0.3457,-2.77,-2.15,6.99,-0.55,-0.22,9.56,3,3,3,0
31717,0.5080,-0.0042,0.0378,-0.8605,0.9377,-0.0195,0.0273,0.3457,0.63,-0.38,10.01,-0.58,-0.26,9.60,3,3,3,0
31782,0.5052,-0.0254,-0.0127,-0.8625,0.9377,-0.0195,0.0273,0.3457,1.95,0.50,12.98,-0.55,-0.22,9.53,3,3,3,0
31850,0.5096,-0.0498,-0.0499,-0.8575,0.9377,-0.0195,0.0273,0.3457,1.04,-0.31,5.48,-0.56,-0.23,9.55,3,3,3,0
31917,0.5191,-0.1245,-0.1013,-0.8395,0.9377,-0.0195,0.0273,0.3457,3.06,1.69,12.87,-0.56,-0.23,9.60,3,3,3,0
31983,0.5208,-0.1520,-0.1129,-0.8325,0.9377,-0.0195,0.0273,0.3457,3.77,0.48,10.52,-0.56,-0.23,9.52,3,3,3,0
32051,0.5236,-0.2010,-0.1397,-0.8160,0.9377,-0.0195,0.0273,0.3457,5.59,0.18,5.47,-0.57,-0.24,9.58,3,3,3,0
32117,0.5256,-0.2512,-0.1666,-0.7956,0.9377,-0.0195,0.0273,0.3457,5.63,0.11,10.57,-0.57,-0.23,9.57,3,3,3,0
32183,0.5272,-0.2800,-0.1671,-0.7847,0.9377,-0.0195,0.0273,0.3457,6.42,-0.09,7.23,-0.57,-0.23,9.57,3,3,3,0
32251,0.5378,-0.2852,-0.1458,-0.7798,0.9377,-0.0195,0.0273,0.3457,5.98,-0.30,11.11,-0.57,-0.24,9.55,3,3,3,0
32318,0.5473,-0.2596,-0.0986,-0.7895,0.9377,-0.0195,0.0273,0.3457,5.22,-1.61,7.36,-0.55,-0.22,9.55,3,3,3,0
32384,0.5541,-0.2442,-0.0660,-0.7931,0.9377,-0.0195,0.0273,0.3457,5.00,-1.64,8.23,-0.57,-0.22,9.52,3,3,3,0
32451,0.5598,-0.2052,-0.0142,-0.8027,0.9377,-0.0195,0.0273,0.3457,2.26,-0.94,9.00,-0.58,-0.25,9.56,3,3,3,0
32518,0.5587,-0.1669,0.0208,-0.8122,0.9377,-0.0195,0.0273,0.3457,2.30,-1.58,8.18,-0.56,-0.24,9.53,3,3,3,0
32583,0.5564,-0.1342,0.0300,-0.8195,0.9377,-0.0195,0.0273,0.3457,1.13,-1.69,9.23,-0.56,-0.20,9.55,3,3,3,0
32651,0.5505,-0.1075,0.0155,-0.8278,0.9377,-0.0195,0.0273,0.3457,1.33,-1.65,8.32,-0.57,-0.24,9.60,3,3,3,0
32717,0.5403,-0.0845,-0.0142,-0.8371,0.9377,-0.0195,0.0273,0.3457,2.11,-0.75,8.66,-0.56,-0.22,9.59,3,3,3,0
32784,0.5411,-0.0854,-0.0352,-0.8358,0.9377,-0.0195,0.0273,0.3457,2.17,0.46,13.58,-0.57,-0.22,9.53,3,3,3,0
32850,0.5436,-0.0745,-0.0257,-0.8356,0.9377,-0.0195,0.0273,0.3457,1.17,-1.83,7.18,-0.56,-0.24,9.59,3,3,3,0
32918,0.5555,-0.0875,-0.0201,-0.8266,0.9377,-0.0195,0.0273,0.3457,2.24,-1.29,8.65,-0.56,-0.23,9.57,3,3,3,0
32984,0.5703,-0.0843,-0.0253,-0.8168,0.9377,-0.0195,0.0273,0.3457,0.26,0.21,7.42,-0.57,-0.19,9.51,3,3,3,0
33050,0.5795,-0.0854,-0.0690,-0.8076,0.9377,-0.0195,0.0273,0.3457,0.82,1.32,3.04,-0.56,-0.25,9.57,3,3,3,0
33118,0.5725,-0.0889,-0.1155,-0.8068,0.9377,-0.0195,0.0273,0.3457,3.23,0.49,6.33,-0.57,-0.23,9.58,3,3,3,0
33184,0.5709,-0.0898,-0.1306,-0.8056,0.9377,-0.0195,0.0273,0.3457,2.73,1.81,11.14,-0.57,-0.22,9.52,3,3,3,0
33251,0.5742,-0.0929,-0.1000,-0.8073,0.9377,-0.0195,0.0273,0.3457,2.89,0.34,1.27,-0.57,-0.24,9.57,3,3,3,0
33318,0.5781,-0.0598,-0.0931,-0.8085,0.9377,-0.0195,0.0273,0.3457,1.12,1.18,6.22,-0.57,-0.22,9.55,3,3,3,0
33384,0.5814,-0.0627,-0.1241,-0.8017,0.9377,-0.0195,0.0273,0.3457,1.93,2.48,12.02,-0.55,-0.22,9.52,3,3,3,0
33451,0.5747,-0.0673,-0.1591,-0.7999,0.9377,-0.0195,0.0273,0.3457,2.71,1.27,5.95,-0.58,-0.24,9.59,3,3,3,0
33518,0.5619,-0.1051,-0.2151,-0.7918,0.9377,-0.0195,0.0273,0.3457,4.41,3.72,12.96,-0.56,-0.22,9.53,3,3,3,0
33585,0.5449,-0.0788,-0.2299,-0.8026,0.9377,-0.0195,0.0273,0.3457,3.36,2.20,7.85,-0.56,-0.21,9.56,3,3,3,0
33651,0.5435,-0.0927,-0.2438,-0.7979,0.9377,-0.0195,0.0273,0.3457,4.44,2.82,7.05,-0.57,-0.21,9.57,3,3,3,0
33717,0.5391,-0.1165,-0.2690,-0.7896,0.9377,-0.0195,0.0273,0.3457,3.66,3.07,7.60,-0.56,-0.21,9.52,3,3,3,0
33784,0.5366,-0.1431,-0.2886,-0.7800,0.9377,-0.0195,0.0273,0.3457,5.53,3.28,7.94,-0.58,-0.24,9.61,3,3,3,0
33851,0.5402,-0.1664,-0.3068,-0.7658,0.9377,-0.0195,0.0273,0.3458,5.15,2.64,5.62,-0.58,-0.13,9.54,3,3,3,0
33917,0.5424,-0.1839,-0.3184,-0.7554,0.9377,-0.0195,0.0273,0.3459,5.35,3.35,6.44,-0.57,-0.20,9.60,3,3,3,0
33984,0.5403,-0.1927,-0.3240,-0.7523,0.9377,-0.0195,0.0273,0.3459,5.16,3.46,7.99,-0.57,-0.21,9.56,3,3,3,0
34052,0.5286,-0.2057,-0.3293,-0.7549,0.9377,-0.0196,0.0273,0.3459,8.01,2.37,8.38,-0.58,-0.22,9.52,3,3,3,0
34117,0.5266,-0.2122,-0.3248,-0.7565,0.9377,-0.0196,0.0273,0.3459,4.87,3.01,8.00,-0.56,-0.23,9.57,3,3,3,0
34185,0.5157,-0.1883,-0.2961,-0.7817,0.9377,-0.0196,0.0273,0.3459,7.07,0.38,-0.38,-0.58,-0.24,9.57,3,3,3,0
34251,0.5058,-0.1910,-0.3101,-0.7820,0.9374,-0.0196,0.0273,0.3466,4.79,3.91,7.65,-0.57,-0.22,9.53,3,3,3,0
34318,0.4935,-0.2056,-0.3425,-0.7726,0.9374,-0.0199,0.0272,0.3466,6.13,3.19,4.69,-0.56,-0.22,9.60,3,3,3,0
34385,0.4786,-0.2269,-0.3743,-0.7612,0.9374,-0.0199,0.0271,0.3466,6.77,5.20,8.28,-0.57,-0.22,9.57,3,3,3,0
34452,0.4565,-0.2137,-0.3762,-0.7775,0.9374,-0.0200,0.0271,0.3466,6.67,4.02,6.16,-0.57,-0.21,9.55,3,3,3,0
34519,0.4225,-0.1525,-0.3433,-0.8248,0.9374,-0.0200,0.0270,0.3466,7.00,3.13,4.98,-0.58,-0.23,9.55,3,3,3,0
34585,0.3970,-0.1268,-0.3298,-0.8470,0.9374,-0.0200,0.0270,0.3466,4.34,4.81,7.06,-0.56,-0.22,9.59,3,3,3,0
34653,0.3875,-0.1028,-0.3231,-0.8573,0.9374,-0.0200,0.0269,0.3466,4.32,4.71,5.77,-0.57,-0.24,9.54,3,3,3,0
34719,0.3951,-0.0911,-0.3189,-0.8567,0.9374,-0.0200,0.0269,0.3466,5.89,2.91,5.06,-0.57,-0.22,9.57,3,3,3,0
34786,0.4214,-0.1093,-0.3308,-0.8372,0.9374,-0.0200,0.0269,0.3466,5.15,4.10,7.73,-0.57,-0.23,9.59,3,3,3,0
34853,0.4630,-0.1562,-0.3536,-0.7977,0.9374,-0.0201,0.0269,0.3466,3.96,7.56,9.65,-0.57,-0.22,9.58,3,3,3,0
34919,0.4987,-0.1766,-0.3495,-0.7733,0.9374,-0.0201,0.0268,0.3466,7.54,3.38,6.34,-0.59,-0.22,9.57,3,3,3,0
34987,0.5360,-0.1886,-0.3309,-0.7534,0.9374,-0.0201,0.0268,0.3466,5.44,3.69,9.63,-0.57,-0.21,9.57,3,3,3,0
35054,0.5632,-0.1934,-0.2963,-0.7467,0.9374,-0.0201,0.0267,0.3466,6.69,-0.85,9.56,-0.56,-0.19,9.54,3,3,3,0
35120,0.5837,-0.1938,-0.2195,-0.7573,0.9374,-0.0201,0.0267,0.3466,6.22,-0.51,2.38,-0.58,-0.22,9.58,3,3,3,0
35186,0.5801,-0.1697,-0.1836,-0.7752,0.9374,-0.0201,0.0267,0.3466,2.90,2.61,10.95,-0.58,-0.21,9.56,3,3,3,0
35255,0.5446,-0.1392,-0.1370,-0.8157,0.9374,-0.0201,0.0267,0.3466,4.81,0.61,4.68,-0.55,-0.22,9.56,3,3,3,0
35320,0.5081,-0.1318,-0.1372,-0.8400,0.9374,-0.0201,0.0267,0.3466,6.81,-0.86,7.02,-0.55,-0.22,9.57,3,3,3,0
35387,0.4795,-0.1271,-0.1544,-0.8545,0.9374,-0.0201,0.0267,0.3466,1.98,1.83,11.64,-0.57,-0.22,9.58,3,3,3,0
35456,0.4431,-0.1135,-0.1854,-0.8698,0.9374,-0.0201,0.0267,0.3466,4.56,1.89,5.87,-0.56,-0.24,9.58,3,3,3,0
35521,0.4241,-0.1249,-0.2416,-0.8638,0.9374,-0.0201,0.0267,0.3466,2.79,4.25,7.83,-0.56,-0.22,9.59,3,3,3,0
35588,0.4089,-0.1378,-0.2833,-0.8565,0.9374,-0.0201,0.0267,0.3466,5.73,2.82,4.01,-0.57,-0.25,9.56,3,3,3,0
35655,0.4081,-0.1811,-0.3455,-0.8254,0.9374,-0.0201,0.0267,0.3466,7.02,4.41,10.24,-0.56,-0.22,9.57,3,3,3,0
35721,0.4206,-0.2259,-0.3832,-0.7907,0.9374,-0.0201,0.0267,0.3466,6.73,3.32,3.80,-0.58,-0.20,9.55,3,3,3,0
35787,0.4344,-0.2607,-0.4071,-0.7600,0.9374,-0.0201,0.0267,0.3466,6.37,4.66,6.15,-0.56,-0.22,9.58,3,3,3,0
35856,0.4562,-0.2935,-0.4175,-0.7289,0.9374,-0.0201,0.0267,0.3466,9.28,2.39,3.53,-0.57,-0.23,9.57,3,3,3,0
35921,0.4824,-0.3304,-0.4199,-0.6942,0.9374,-0.0201,0.0267,0.3466,9.32,2.53,6.17,-0.59,-0.23,9.58,3,3,3,0
35988,0.5153,-0.3470,-0.4000,-0.6738,0.9374,-0.0201,0.0267,0.3466,7.71,1.45,4.62,-0.56,-0.23,9.59,3,3,3,0
36057,0.5456,-0.3656,-0.3526,-0.6666,0.9374,-0.0201,0.0267,0.3466,8.96,-0.30,5.47,-0.56,-0.23,9.58,3,3,3,0
36121,0.5719,-0.3764,-0.2941,-0.6669,0.9374,-0.0201,0.0267,0.3466,8.29,-0.36,3.30,-0.57,-0.22,9.55,3,3,3,0
36189,0.5964,-0.3532,-0.2433,-0.6785,0.9374,-0.0201,0.0267,0.3466,6.40,-0.62,6.14,-0.55,-0.22,9.57,3,3,3,0
36256,0.5965,-0.3058,-0.1828,-0.7192,0.9374,-0.0201,0.0267,0.3466,6.83,-0.27,4.41,-0.58,-0.22,9.57,3,3,3,0
36322,0.5776,-0.2579,-0.1420,-0.7614,0.9374,-0.0201,0.0267,0.3466,4.86,-0.19,8.42,-0.57,-0.23,9.56,3,3,3,0
36388,0.5474,-0.2281,-0.1217,-0.7959,0.9374,-0.0201,0.0267,0.3466,4.39,0.20,7.42,-0.57,-0.24,9.59,3,3,3,0
36457,0.5051,-0.2047,-0.1204,-0.8298,0.9374,-0.0201,0.0267,0.3466,7.01,-2.36,6.36,-0.58,-0.22,9.53,3,3,3,0
36523,0.4695,-0.2113,-0.1555,-0.8431,0.9374,-0.0201,0.0267,0.3466,3.41,2.01,5.64,-0.56,-0.21,9.55,3,3,3,0
36589,0.4449,-0.2108,-0.1924,-0.8489,0.9374,-0.0201,0.0267,0.3466,5.12,1.49,4.27,-0.55,-0.23,9.65,3,3,3,0
36657,0.4338,-0.2312,-0.2510,-0.8339,0.9374,-0.0201,0.0267,0.3466,7.97,1.53,9.43,-0.60,-0.18,9.45,3,3,3,0
36722,0.4479,-0.2493,-0.2870,-0.8092,0.9374,-0.0201,0.0267,0.3466,7.28,2.57,9.37,-0.55,-0.23,9.60,3,3,3,0
36789,0.4603,-0.2573,-0.3057,-0.7928,0.9374,-0.0201,0.0267,0.3466,8.01,0.72,5.86,-0.56,-0.23,9.55,3,3,3,0
36857,0.4802,-0.2705,-0.3143,-0.7729,0.9374,-0.0201,0.0267,0.3466,6.17,1.94,8.25,-0.56,-0.18,9.50,3,3,3,0
36923,0.5084,-0.2604,-0.2958,-0.7657,0.9374,-0.0201,0.0267,0.3466,4.52,2.27,6.05,-0.56,-0.26,9.63,3,3,3,0
36989,0.5167,-0.2438,-0.2712,-0.7746,0.9374,-0.0201,0.0267,0.3466,4.30,2.34,5.29,-0.59,-0.21,9.54,3,3,3,0
37057,0.5100,-0.2197,-0.2457,-0.7946,0.9374,-0.0201,0.0267,0.3466,5.91,1.63,7.69,-0.56,-0.20,9.54,3,3,3,0
37123,0.5089,-0.1996,-0.2277,-0.8058,0.9374,-0.0201,0.0267,0.3466,5.51,2.01,11.40,-0.56,-0.25,9.65,3,3,3,0
37190,0.5168,-0.1816,-0.1972,-0.8130,0.9374,-0.0201,0.0267,0.3466,4.97,1.47,9.05,-0.57,-0.21,9.55,3,3,3,0
37258,0.5236,-0.1570,-0.1751,-0.8188,0.9374,-0.0201,0.0267,0.3466,3.09,1.36,8.18,-0.55,-0.19,9.53,3,3,3,0
37323,0.5226,-0.1508,-0.1501,-0.8256,0.9374,-0.0201,0.0267,0.3466,3.03,1.39,9.20,-0.57,-0.24,9.62,3,3,3,0
37390,0.5128,-0.1349,-0.1448,-0.8354,0.9374,-0.0201,0.0267,0.3466,1.75,2.64,7.95,-0.56,-0.19,9.54,3,3,3,0
37458,0.4903,-0.1251,-0.1477,-0.8498,0.9374,-0.0201,0.0267,0.3466,3.59,0.97,7.80,-0.56,-0.22,9.55,3,3,3,0
37524,0.4742,-0.1144,-0.1603,-0.8581,0.9374,-0.0201,0.0267,0.3466,2.33,2.64,9.78,-0.57,-0.26,9.60,3,3,3,0
37591,0.4614,-0.1104,-0.1591,-0.8658,0.9374,-0.0201,0.0267,0.3466,3.45,1.79,8.25,-0.56,-0.19,9.53,3,3,3,0
37658,0.4474,-0.1100,-0.1657,-0.8719,0.9374,-0.0201,0.0267,0.3466,3.36,1.84,8.56,-0.58,-0.25,9.58,3,3,3,0
37724,0.4396,-0.1138,-0.1691,-0.8748,0.9374,-0.0201,0.0267,0.3466,2.73,2.91,10.36,-0.55,-0.31,9.60,3,3,3,0
37790,0.4342,-0.1105,-0.1669,-0.8783,0.9374,-0.0201,0.0267,0.3466,3.49,1.21,9.04,-0.56,-0.16,9.48,3,3,3,0
37859,0.4249,-0.1124,-0.1749,-0.8810,0.9374,-0.0201,0.0267,0.3466,3.16,2.16,10.19,-0.57,-0.23,9.55,3,3,3,0
37924,0.4169,-0.1102,-0.1744,-0.8853,0.9374,-0.0201,0.0267,0.3466,3.41,1.63,8.90,-0.57,-0.26,9.62,3,3,3,0
37990,0.4171,-0.1049,-0.1698,-0.8867,0.9374,-0.0201,0.0267,0.3466,1.69,2.43,8.76,-0.56,-0.19,9.45,3,3,3,0
38059,0.4126,-0.1039,-0.1648,-0.8898,0.9374,-0.0201,0.0267,0.3466,3.52,1.68,8.40,-0.55,-0.25,9.57,3,3,3,0
38124,0.4100,-0.1005,-0.1565,-0.8929,0.9374,-0.0201,0.0267,0.3466,3.10,2.11,8.34,-0.55,-0.25,9.58,3,3,3,0
38190,0.4006,-0.1042,-0.1171,-0.9027,0.9374,-0.0201,0.0267,0.3466,1.86,0.71,9.57,-0.57,-0.19,9.52,3,3,3,0
38257,0.3780,-0.1370,-0.0623,-0.9135,0.9374,-0.0201,0.0267,0.3466,2.05,-0.67,8.86,-0.56,-0.24,9.62,3,3,3,0
38324,0.3794,-0.1342,-0.0330,-0.9149,0.9374,-0.0201,0.0267,0.3466,1.79,-0.51,9.32,-0.58,-0.24,9.56,3,3,3,0
38389,0.3809,-0.1234,-0.0280,-0.9159,0.9374,-0.0201,0.0267,0.3466,2.00,-0.29,9.15,-0.56,-0.21,9.57,3,3,3,0
38457,0.3831,-0.1076,-0.0205,-0.9172,0.9374,-0.0201,0.0267,0.3466,1.48,-0.31,9.31,-0.56,-0.27,9.58,3,3,3,0
38523,0.3870,-0.0993,-0.0184,-0.9165,0.9374,-0.0201,0.0267,0.3466,0.85,-0.89,9.35,-0.57,-0.21,9.50,3,3,3,0
38589,0.3962,-0.0914,-0.0162,-0.9135,0.9374,-0.0201,0.0267,0.3466,1.27,-0.57,9.32,-0.57,-0.23,9.59,3,3,3,0
38657,0.4097,-0.0836,-0.0130,-0.9083,0.9374,-0.0201,0.0267,0.3466,1.67,0.34,9.34,-0.56,-0.24,9.59,3,3,3,0
38723,0.4185,-0.0773,-0.0111,-0.9049,0.9374,-0.0201,0.0267,0.3466,0.98,-0.45,9.39,-0.56,-0.21,9.53,3,3,3,0
38790,0.4209,-0.0626,-0.0031,-0.9049,0.9374,-0.0201,0.0267,0.3466,1.77,-0.68,10.46,-0.56,-0.25,9.58,3,3,3,0
38857,0.4269,0.0078,0.0304,-0.9037,0.9374,-0.0201,0.0267,0.3466,-1.84,0.42,7.95,-0.59,-0.22,9.61,3,3,3,0
38924,0.4304,0.0090,0.0323,-0.9020,0.9374,-0.0201,0.0267,0.3466,-0.63,-0.47,9.70,-0.56,-0.22,9.54,3,3,3,0
38990,0.4339,0.0109,0.0342,-0.9002,0.9374,-0.0201,0.0267,0.3466,-1.31,-0.75,9.70,-0.56,-0.25,9.61,3,3,3,0
39058,0.4422,0.0149,0.0381,-0.8960,0.9374,-0.0201,0.0267,0.3466,-0.91,-0.62,9.44,-0.61,-0.23,9.56,3,3,3,0
39124,0.4418,0.0161,0.0364,-0.8962,0.9374,-0.0201,0.0267,0.3466,-0.80,-0.45,9.52,-0.53,-0.19,9.50,3,3,3,0
39190,0.4412,0.0173,0.0372,-0.8965,0.9374,-0.0201,0.0267,0.3466,-1.01,-0.63,9.35,-0.59,-0.27,9.65,3,3,3,0
39258,0.4414,0.0187,0.0381,-0.8963,0.9374,-0.0201,0.0267,0.3466,-0.91,-0.45,9.39,-0.58,-0.22,9.55,3,3,3,0
39324,0.4423,0.0197,0.0386,-0.8958,0.9374,-0.0201,0.0267,0.3466,-0.91,-0.40,9.40,-0.53,-0.20,9.55,3,3,3,0
39393,0.4426,0.0204,0.0389,-0.8956,0.9374,-0.0201,0.0267,0.3466,-0.90,-0.51,9.44,-0.60,-0.26,9.57,3,3,3,0
39459,0.4426,0.0212,0.0392,-0.8956,0.9374,-0.0201,0.0267,0.3466,-0.94,-0.45,9.38,-0.56,-0.22,9.56,3,3,3,0
39525,0.4426,0.0219,0.0396,-0.8956,0.9374,-0.0201,0.0267,0.3466,-0.93,-0.47,9.44,-0.56,-0.19,9.54,3,3,3,0
39593,0.4426,0.0225,0.0397,-0.8956,0.9374,-0.0201,0.0267,0.3466,-0.92,-0.52,9.47,-0.58,-0.26,9.58,3,3,3,0
39661,0.4426,0.0230,0.0400,-0.8955,0.9374,-0.0201,0.0267,0.3466,-0.94,-0.45,9.41,-0.54,-0.22,9.54,3,3,3,0
39727,0.4427,0.0234,0.0402,-0.8954,0.9374,-0.0201,0.0267,0.3466,-0.94,-0.47,9.47,-0.58,-0.22,9.55,3,3,3,0
39795,0.4426,0.0239,0.0404,-0.8954,0.9374,-0.0201,0.0267,0.3466,-0.91,-0.47,9.45,-0.57,-0.27,9.56,3,3,3,0
39863,0.4426,0.0243,0.0406,-0.8954,0.9374,-0.0201,0.0267,0.3466,-0.93,-0.44,9.42,-0.55,-0.19,9.54,3,3,3,0
39929,0.4424,0.0247,0.0407,-0.8956,0.9374,-0.0201,0.0267,0.3466,-0.92,-0.49,9.47,-0.57,-0.22,9.60,3,3,3,0
39997,0.4428,0.0250,0.0409,-0.8953,0.9374,-0.0201,0.0267,0.3466,-0.91,-0.45,9.42,-0.56,-0.27,9.58,3,3,3,0
40065,0.4432,0.0253,0.0411,-0.8951,0.9374,-0.0201,0.0267,0.3466,-0.95,-0.48,9.39,-0.58,-0.20,9.53,3,3,3,0
40130,0.4432,0.0256,0.0411,-0.8951,0.9374,-0.0201,0.0267,0.3466,-0.90,-0.49,9.42,-0.56,-0.22,9.56,3,3,3,0
40198,0.4431,0.0259,0.0413,-0.8951,0.9374,-0.0201,0.0267,0.3466,-0.92,-0.47,9.47,-0.53,-0.24,9.56,3,3,3,0
40264,0.4429,0.0261,0.0414,-0.8952,0.9374,-0.0201,0.0267,0.3466,-0.98,-0.49,9.46,-0.58,-0.21,9.52,3,3,3,0
40331,0.4430,0.0263,0.0415,-0.8952,0.9374,-0.0201,0.0267,0.3466,-0.93,-0.48,9.47,-0.57,-0.24,9.58,3,3,3,0
40397,0.4449,0.0265,0.0417,-0.8942,0.9374,-0.0201,0.0267,0.3466,-0.92,-0.48,9.39,-0.57,-0.22,9.53,3,3,3,0
40465,0.4441,0.0267,0.0417,-0.8946,0.9374,-0.0201,0.0267,0.3466,-0.94,-0.49,9.42,-0.56,-0.20,9.53,3,3,3,0
40530,0.4441,0.0269,0.0419,-0.8946,0.9374,-0.0201,0.0267,0.3466,-0.91,-0.46,9.47,-0.58,-0.25,9.65,3,3,3,0
40598,0.4429,0.0269,0.0418,-0.8952,0.9374,-0.0201,0.0267,0.3466,-0.95,-0.49,9.39,-0.60,-0.20,9.56,3,3,3,0
40667,0.4429,0.0269,0.0418,-0.8952,0.9374,-0.0201,0.0267,0.3466,-0.93,-0.47,9.47,-0.56,-0.22,9.58,3,3,3,0
40734,0.4429,0.0269,0.0418,-0.8952,0.9374,-0.0201,0.0267,0.3466,-0.90,-0.47,9.46,-0.55,-0.23,9.58,3,3,3,0
40801,0.4429,0.0269,0.0418,-0.8952,0.9374,-0.0201,0.0267,0.3466,-0.94,-0.50,9.38,-0.56,-0.21,9.54,3,3,3,0
40868,0.4429,0.0269,0.0418,-0.8952,0.9374,-0.0201,0.0267,0.3466,-0.90,-0.45,9.44,-0.56,-0.23,9.59,3,3,3,0
40935,0.4429,0.0269,0.0418,-0.8952,0.9374,-0.0201,0.0267,0.3466,-0.92,-0.46,9.45,-0.55,-0.22,9.59,3,3,3,0
41004,0.4429,0.0269,0.0418,-0.8952,0.9374,-0.0201,0.0267,0.3466,-0.95,-0.49,9.36,-0.58,-0.21,9.51,3,3,3,0
41071,0.4429,0.0269,0.0418,-0.8952,0.9374,-0.0201,0.0267,0.3466,-0.91,-0.47,9.44,-0.57,-0.23,9.62,3,3,3,0
41139,0.4429,0.0269,0.0418,-0.8952,0.9374,-0.0201,0.0267,0.3466,-0.95,-0.50,9.41,-0.58,-0.21,9.53,3,3,3,0
41205,0.4429,0.0269,0.0418,-0.8952,0.9374,-0.0201,0.0267,0.3466,-0.94,-0.48,9.40,-0.58,-0.21,9.50,3,3,3,0
41273,0.4429,0.0269,0.0418,-0.8952,0.9374,-0.0201,0.0267,0.3466,-0.90,-0.46,9.44,-0.55,-0.23,9.60,3,3,3,0
41341,0.4429,0.0269,0.0418,-0.8952,0.9374,-0.0201,0.0267,0.3466,-0.97,-0.49,9.42,-0.59,-0.22,9.54,3,3,3,0
41409,0.4429,0.0269,0.0418,-0.8952,0.9374,-0.0201,0.0267,0.3466,-0.91,-0.46,9.40,-0.55,-0.21,9.51,3,3,3,0
41476,0.4429,0.0269,0.0418,-0.8952,0.9374,-0.0201,0.0267,0.3466,-0.92,-0.50,9.47,-0.57,-0.24,9.58,3,3,3,0
41542,0.4429,0.0269,0.0418,-0.8952,0.9374,-0.0201,0.0267,0.3466,-0.93,-0.51,9.42,-0.56,-0.23,9.55,3,3,3,0
41610,0.4429,0.0269,0.0418,-0.8952,0.9374,-0.0201,0.0267,0.3466,-0.93,-0.45,9.42,-0.56,-0.23,9.57,3,3,3,0
41675,0.4429,0.0269,0.0418,-0.8952,0.9374,-0.0201,0.0267,0.3466,-0.91,-0.49,9.46,-0.57,-0.24,9.58,3,3,3,0
41743,0.4429,0.0269,0.0418,-0.8952,0.9374,-0.0201,0.0267,0.3466,-0.92,-0.49,9.44,-0.57,-0.22,9.53,3,3,3,0
41810,0.4429,0.0269,0.0418,-0.8952,0.9374,-0.0201,0.0267,0.3466,-0.91,-0.46,9.43,-0.56,-0.22,9.54,3,3,3,0
41876,0.4429,0.0269,0.0418,-0.8952,0.9374,-0.0201,0.0267,0.3466,-0.92,-0.53,9.44,-0.60,-0.25,9.59,3,3,3,0
41944,0.4429,0.0269,0.0418,-0.8952,0.9374,-0.0201,0.0267,0.3466,-0.91,-0.49,9.46,-0.56,-0.25,9.60,3,3,3,0
42010,0.4429,0.0269,0.0418,-0.8952,0.9374,-0.0201,0.0267,0.3466,-0.95,-0.46,9.39,-0.55,-0.21,9.49,3,3,3,0
42076,0.4429,0.0269,0.0418,-0.8952,0.9374,-0.0201,0.0267,0.3466,-0.90,-0.54,9.51,-0.63,-0.28,9.64,3,3,3,0
42143,0.4429,0.0269,0.0418,-0.8952,0.9374,-0.0201,0.0267,0.3466,-0.96,-0.44,9.37,-0.51,-0.20,9.48,3,3,3,0
42211,0.4429,0.0269,0.0418,-0.8952,0.9374,-0.0201,0.0267,0.3466,-0.91,-0.54,9.49,-0.59,-0.25,9.61,3,3,3,0
42276,0.4429,0.0269,0.0418,-0.8952,0.9374,-0.0201,0.0267,0.3466,-0.90,-0.49,9.50,-0.58,-0.24,9.60,3,3,3,0
42344,0.4429,0.0269,0.0418,-0.8952,0.9374,-0.0201,0.0267,0.3466,-0.98,-0.46,9.37,-0.53,-0.18,9.50,3,3,3,0
42412,0.4429,0.0269,0.0418,-0.8952,0.9374,-0.0201,0.0267,0.3466,-0.90,-0.53,9.45,-0.61,-0.25,9.59,3,3,3,0
42477,0.4429,0.0269,0.0418,-0.8952,0.9374,-0.0201,0.0267,0.3466,-0.94,-0.45,9.41,-0.55,-0.21,9.53,3,3,3,0
42545,0.4429,0.0269,0.0418,-0.8952,0.9374,-0.0201,0.0267,0.3466,-0.92,-0.51,9.44,-0.61,-0.26,9.61,3,3,3,0
42612,0.4429,0.0269,0.0418,-0.8952,0.9374,-0.0201,0.0267,0.3466,-0.93,-0.46,9.42,-0.58,-0.24,9.58,3,3,3,0
42677,0.4429,0.0269,0.0418,-0.8952,0.9374,-0.0201,0.0267,0.3466,-0.95,-0.44,9.42,-0.52,-0.22,9.56,3,3,3,0
42744,0.4429,0.0269,0.0418,-0.8952,0.9374,-0.0201,0.0267,0.3466,-0.94,-0.47,9.44,-0.56,-0.19,9.55,3,3,3,0
42813,0.4429,0.0269,0.0418,-0.8952,0.9374,-0.0201,0.0267,0.3466,-0.93,-0.48,9.43,-0.58,-0.26,9.62,3,3,3,0
42877,0.4429,0.0269,0.0418,-0.8952,0.9374,-0.0201,0.0267,0.3466,-0.97,-0.50,9.49,-0.57,-0.18,9.61,3,3,3,0
42945,0.4429,0.0269,0.0418,-0.8952,0.9374,-0.0201,0.0267,0.3466,-0.98,-0.49,9.37,-0.57,-0.19,9.46,3,3,3,0
43013,0.4429,0.0269,0.0418,-0.8952,0.9374,-0.0201,0.0267,0.3466,-0.90,-0.48,9.56,-0.56,-0.25,9.61,3,3,3,0
43078,0.4429,0.0269,0.0418,-0.8952,0.9374,-0.0201,0.0267,0.3466,-0.92,-0.52,9.39,-0.57,-0.24,9.54,3,3,3,0
43146,0.4429,0.0269,0.0418,-0.8952,0.9374,-0.0201,0.0267,0.3466,-0.98,-0.49,9.38,-0.57,-0.17,9.48,3,3,3,0
43213,0.4429,0.0269,0.0418,-0.8952,0.9374,-0.0201,0.0267,0.3466,-0.89,-0.46,9.41,-0.56,-0.24,9.61,3,3,3,0
43278,0.4429,0.0269,0.0418,-0.8952,0.9374,-0.0201,0.0267,0.3466,-0.94,-0.53,9.39,-0.57,-0.24,9.58,3,3,3,0
43345,0.4429,0.0269,0.0418,-0.8952,0.9374,-0.0201,0.0267,0.3466,-0.98,-0.49,9.39,-0.57,-0.18,9.45,3,3,3,0
43414,0.4429,0.0269,0.0418,-0.8952,0.9374,-0.0201,0.0267,0.3466,-0.89,-0.55,9.52,-0.58,-0.29,9.66,3,3,3,0
43479,0.4429,0.0269,0.0418,-0.8952,0.9374,-0.0201,0.0267,0.3466,-0.97,-0.47,9.38,-0.55,-0.18,9.45,3,3,3,0
43546,0.4429,0.0269,0.0418,-0.8952,0.9374,-0.0201,0.0267,0.3466,-0.89,-0.49,9.56,-0.61,-0.24,9.62,3,3,3,0
43614,0.4429,0.0269,0.0418,-0.8952,0.9374,-0.0201,0.0267,0.3466,-0.97,-0.45,9.54,-0.54,-0.27,9.64,3,3,3,0
43678,0.4429,0.0269,0.0418,-0.8952,0.9374,-0.0201,0.0267,0.3466,-1.05,-0.45,9.24,-0.56,-0.10,9.28,3,3,3,0
43747,0.4429,0.0269,0.0418,-0.8952,0.9374,-0.0201,0.0267,0.3466,-0.92,-0.49,9.53,-0.58,-0.25,9.73,3,3,3,0
43814,0.4429,0.0270,0.0419,-0.8952,0.9374,-0.0201,0.0267,0.3466,-0.89,-0.49,9.44,-0.56,-0.37,9.73,3,3,3,0
43879,0.4429,0.0270,0.0419,-0.8952,0.9374,-0.0201,0.0267,0.3466,-1.08,-0.47,9.26,-0.56,-0.05,9.38,3,3,3,0
43947,0.4429,0.0270,0.0419,-0.8952,0.9374,-0.0201,0.0267,0.3466,-0.87,-0.52,9.56,-0.57,-0.33,9.73,3,3,3,0
44014,0.4429,0.0270,0.0419,-0.8952,0.9374,-0.0201,0.0267,0.3466,-0.97,-0.47,9.34,-0.56,-0.19,9.50,3,3,3,0
44080,0.4429,0.0270,0.0419,-0.8952,0.9374,-0.0201,0.0267,0.3466,-0.95,-0.52,9.36,-0.58,-0.20,9.44,3,3,3,0
44147,0.4429,0.0270,0.0419,-0.8952,0.9374,-0.0201,0.0267,0.3466,-0.88,-0.48,9.51,-0.55,-0.30,9.68,3,3,3,0
44215,0.4429,0.0270,0.0419,-0.8952,0.9374,-0.0201,0.0267,0.3466,-1.00,-0.51,9.35,-0.56,-0.16,9.49,3,3,3,0
44279,0.4429,0.0270,0.0419,-0.8952,0.9374,-0.0201,0.0267,0.3466,-0.94,-0.49,9.44,-0.59,-0.20,9.55,3,3,3,0
44347,0.4429,0.0270,0.0419,-0.8952,0.9374,-0.0201,0.0267,0.3466,-0.90,-0.48,9.47,-0.56,-0.25,9.62,3,3,3,0
44416,0.4429,0.0270,0.0419,-0.8952,0.9374,-0.0201,0.0267,0.3466,-0.97,-0.50,9.38,-0.59,-0.20,9.50,3,3,3,0
44480,0.4429,0.0270,0.0419,-0.8952,0.9374,-0.0201,0.0267,0.3466,-0.91,-0.49,9.46,-0.55,-0.25,9.56,3,3,3,0
44548,0.4429,0.0270,0.0419,-0.8952,0.9374,-0.0201,0.0267,0.3466,-0.90,-0.51,9.47,-0.59,-0.29,9.60,3,3,3,0
44615,0.4429,0.0270,0.0419,-0.8952,0.9374,-0.0201,0.0267,0.3466,-0.95,-0.47,9.37,-0.56,-0.22,9.50,3,3,3,0
44